Frame,x1,y1,x2,y2,x3,y3,x4,y4,x5,y5,x6,y6,x7,y7,x8,y8,x9,y9,x10,y10,x11,y11,x12,y12,x13,y13,x14,y14,x15,y15,x16,y16,x17,y17,x18,y18,x19,y19,x20,y20,x21,y21,x22,y22,x23,y23,x24,y24,x25,y25
0,793.284,241.752,851.227,229.212,855.966,284.065,932.719,307.581,1040.81,315.42,857.513,169.771,962.483,155.555,1056.49,130.457,1029.85,243.32,1025.17,270.008,1109.78,270,0,0,1031.41,197.905,0,0,0,0,780.699,244.958,783.848,227.692,791.715,257.495,790.165,204.124,0,0,0,0,0,0,0,0,0,0,0,0
1,794.815,232.358,852.799,223.005,854.403,282.497,934.291,309.182,968.763,318.537,857.559,168.165,960.951,152.48,1054.93,127.435,1023.61,233.956,1017.32,269.977,1108.16,268.392,0,0,1026.73,194.752,1109.78,259.007,0,0,782.362,241.77,783.882,219.848,794.827,254.291,785.498,194.802,0,0,0,0,0,0,0,0,0,0,0,0
2,794.777,229.264,851.263,222.975,854.352,282.496,935.853,306.035,1023.6,315.413,857.528,168.091,959.41,152.449,1056.48,128.944,1023.62,232.419,1023.59,268.394,1137.96,259.014,0,0,1023.63,196.354,1095.63,197.918,0,0,783.84,235.548,783.877,218.331,794.886,248.059,788.58,194.791,0,0,0,0,0,0,0,0,0,0,0,0
3,793.26,230.809,851.259,222.999,851.272,282.459,932.712,307.542,1004.78,309.149,857.561,168.072,962.481,149.353,1058,130.466,1028.28,232.385,1022.03,268.368,1120.73,260.603,0,0,1031.41,193.195,1094.09,194.772,0,0,782.336,237.069,783.85,219.781,794.811,249.59,788.605,193.265,0,0,0,0,0,0,0,0,0,0,0,0
4,793.233,229.215,854.365,221.459,852.82,282.465,943.683,313.865,971.915,316.994,859.048,165.002,960.954,150.897,1056.49,130.59,1034.54,232.398,1025.17,266.862,1087.85,318.544,0,0,1037.69,193.222,1123.85,265.276,0,0,782.293,237.072,783.822,218.232,793.276,249.599,788.585,191.636,0,0,0,0,0,0,0,0,0,0,0,0
5,794.801,222.956,854.346,221.41,852.799,280.959,943.652,321.725,893.549,351.447,859.029,164.975,962.507,150.922,1056.48,132.151,1031.42,232.373,1023.59,268.431,1098.79,295.057,0,0,1034.6,193.168,0,0,0,0,783.84,232.452,783.867,215.16,794.852,246.465,788.577,190.055,0,0,0,0,0,0,0,0,0,0,0,0
6,796.394,221.426,852.822,219.874,854.373,280.873,942.12,326.356,884.166,343.626,857.552,163.465,962.507,152.464,1054.89,136.796,1034.58,230.783,1029.86,268.409,1086.27,313.844,0,0,1039.26,191.636,0,0,0,0,783.915,232.35,783.964,215.15,794.859,244.982,790.17,188.513,0,0,0,0,0,0,0,0,0,0,0,0
7,796.426,218.322,852.818,219.811,854.361,280.868,948.387,307.574,1043.97,326.392,859.046,160.327,962.486,153.988,1051.82,143.023,1043.94,230.829,1036.12,262.147,1137.96,259.016,0,0,1043.95,185.395,1145.79,257.429,0,0,783.862,229.249,785.458,207.334,793.246,244.977,796.364,182.21,0,0,0,0,0,0,0,0,0,0,0,0
8,796.404,218.271,854.367,218.267,854.374,279.332,946.824,304.445,1047.06,329.491,859.032,158.777,959.325,155.589,1053.37,144.628,1042.41,229.22,1036.12,259.04,1152.06,257.429,0,0,1047.11,193.168,1144.23,204.167,0,0,783.868,229.196,787.004,207.263,793.269,244.929,797.955,182.232,0,0,0,0,0,0,0,0,0,0,0,0
9,796.371,218.314,855.941,218.212,855.932,276.266,945.268,299.755,1047.12,329.493,859.102,158.724,957.805,155.525,1056.5,147.771,1036.13,232.373,1032.97,265.297,1103.48,310.715,0,0,1040.84,196.378,1158.35,194.797,0,0,783.841,229.25,785.449,207.283,791.708,244.877,796.391,180.606,0,0,0,0,0,0,0,0,0,0,0,0
10,796.453,218.256,857.456,216.672,857.452,274.697,946.85,295.12,1047.11,326.393,859.158,157.187,967.179,154.005,1058.07,154.052,1043.95,224.554,1036.15,259.03,1087.84,318.53,0,0,1047.08,186.954,1145.8,197.925,0,0,783.841,229.212,785.464,205.755,790.125,244.912,796.414,172.872,0,0,0,0,0,0,0,0,0,0,0,0
11,797.971,218.24,857.534,213.576,857.492,271.6,935.859,295.096,989.133,307.585,860.674,157.149,970.351,152.476,1058.08,157.156,1029.86,229.224,1023.59,265.281,0,0,0,0,1039.25,191.64,1150.5,196.347,0,0,785.426,227.702,790.142,205.727,793.265,244.855,796.46,175.95,0,0,0,0,0,0,0,0,0,0,0,0
12,796.435,218.246,857.566,212.027,857.533,271.599,940.554,296.608,1034.57,315.421,860.692,157.179,968.708,153.979,1059.64,158.75,1037.69,230.842,1034.54,263.726,1103.5,310.722,0,0,1045.53,194.741,1159.9,196.324,0,0,783.951,229.218,785.46,205.706,796.367,243.344,796.445,175.972,0,0,0,0,0,0,0,0,0,0,0,0
13,796.461,218.193,859.046,212.004,857.542,271.574,940.551,307.587,946.852,323.24,860.7,157.151,967.209,153.983,1058.11,160.305,1037.69,232.413,1032.97,266.844,1098.83,312.284,0,0,1045.54,199.498,1147.37,248.048,0,0,783.948,229.216,785.426,205.656,794.898,243.38,796.408,177.533,0,0,0,0,0,0,0,0,0,0,0,0
14,796.489,218.244,857.555,213.583,857.514,273.12,937.426,306.011,956.219,331.039,862.192,157.153,968.778,153.979,1058.11,160.291,1034.55,230.808,1029.88,260.599,1101.93,306.006,0,0,1042.39,194.805,1158.35,194.809,0,0,783.948,229.228,785.486,205.699,794.888,244.856,796.483,177.503,0,0,0,0,0,0,0,0,0,0,0,0
15,796.462,218.317,857.545,215.113,857.525,276.239,945.236,295.015,1032.97,309.154,860.674,157.214,968.778,153.99,1058.07,158.806,1032.99,230.782,1029.87,262.147,1100.37,306.003,0,0,1037.71,193.246,1161.49,194.813,0,0,783.898,230.771,785.476,205.767,794.799,244.858,796.445,179.123,0,0,0,0,0,0,0,0,0,0,0,0
16,796.477,219.85,857.506,216.687,857.454,276.267,943.696,293.508,1029.86,310.7,860.676,157.242,968.7,152.473,1058.01,160.289,1022.04,229.223,1018.87,263.709,0,0,0,0,1034.54,191.648,1170.85,204.19,0,0,785.442,230.84,786.983,207.247,798.002,243.364,796.475,182.183,0,0,0,0,0,0,0,0,0,0,0,0
17,796.492,222.985,857.536,218.229,857.549,279.331,937.425,295.002,1031.44,307.627,860.683,158.73,968.711,154.019,1058.01,158.784,1029.85,230.808,1023.6,265.27,1097.2,305.981,0,0,1036.13,193.215,1175.56,207.281,0,0,785.464,233.969,785.472,210.423,802.672,244.883,796.44,182.276,0,0,0,0,0,0,0,0,0,0,0,0
18,798.003,227.682,859.025,218.325,859.038,280.908,935.868,295.116,1014.19,307.608,862.21,160.286,968.711,154.029,1059.62,161.896,1022.05,232.361,1015.76,268.391,0,0,0,0,1037.68,194.824,1150.5,207.297,0,0,785.423,238.652,788.588,212.012,0,0,797.991,183.792,0,0,0,0,0,0,0,0,0,0,0,0
19,798.038,229.253,859.071,219.857,859.096,280.981,942.109,298.163,1043.96,315.381,866.915,160.325,971.877,154.023,1062.8,160.299,1036.14,232.406,1031.45,268.441,1097.26,306.04,0,0,1043.96,196.339,1170.87,216.713,0,0,787.051,240.233,791.675,213.561,796.44,254.308,796.479,183.792,0,0,0,0,0,0,0,0,0,0,0,0
20,799.539,230.776,859.12,219.906,860.674,282.56,945.25,299.747,1025.16,309.129,866.906,160.344,971.898,154.063,1065.88,158.746,1047.11,233.979,1040.83,268.428,1109.79,309.171,0,0,1053.35,199.486,1186.54,219.835,0,0,790.134,241.779,791.711,215.148,799.562,254.267,797.955,186.958,0,0,0,0,0,0,0,0,0,0,0,0
21,804.259,232.345,860.665,221.446,866.884,284.134,949.968,302.857,1039.26,318.51,868.458,161.904,971.931,155.632,1070.55,157.258,1050.24,238.624,1042.38,270.018,1116.03,331.087,0,0,1059.64,202.616,1183.4,219.823,0,0,793.241,243.367,793.294,218.281,805.79,254.352,798.013,193.196,0,0,0,0,0,0,0,0,0,0,0,0
22,807.311,233.985,862.246,224.527,868.475,288.796,951.526,304.435,1029.86,315.416,868.46,166.602,973.461,155.64,1073.72,157.215,1050.21,240.212,1039.28,271.548,1109.77,334.229,0,0,1058.08,204.175,1170.88,219.839,0,0,794.775,246.522,794.816,219.862,808.9,255.918,799.555,194.764,0,0,0,0,0,0,0,0,0,0,0,0
23,805.839,240.217,863.806,229.213,869.964,291.933,945.251,306.033,1031.43,318.572,868.5,168.199,978.16,157.141,1073.71,157.15,1050.22,240.211,1042.38,273.121,1105.07,348.307,0,0,1058.09,204.168,0,0,0,0,794.799,251.163,794.88,224.535,812.055,257.4,799.581,199.489,0,0,0,0,0,0,0,0,0,0,0,0
24,807.31,241.764,863.799,232.326,870.018,295.088,959.368,307.637,1036.14,318.586,869.991,171.259,979.715,157.248,1083.08,154.008,1058.09,232.379,1056.5,268.418,0,0,0,0,1058.06,194.756,1172.47,208.877,0,0,794.821,254.313,794.859,227.636,801.104,268.399,797.996,204.17,0,0,0,0,0,0,0,0,0,0,0,0
25,807.374,244.857,862.232,235.494,870.039,298.192,962.474,315.42,1068.99,331.086,868.495,172.845,975.054,161.873,1083.09,147.79,1056.48,237.085,1048.65,274.689,1111.35,307.573,0,0,1058.06,194.757,1114.48,204.194,0,0,794.868,255.912,796.358,230.855,807.342,268.437,802.665,207.282,0,0,0,0,0,0,0,0,0,0,0,0
26,805.829,248.078,860.694,237.078,870.014,304.452,957.787,320.086,1061.21,332.642,866.934,179.072,975.06,168.054,1081.56,149.338,1048.68,243.342,1047.12,279.388,0,0,0,0,1047.11,197.899,1116.03,204.184,0,0,794.795,262.126,794.821,233.95,809.019,266.88,802.651,207.361,0,0,0,0,0,0,0,0,0,0,0,0
27,798.025,255.796,860.637,243.302,868.492,306.078,959.353,321.713,1062.75,334.269,865.345,180.699,971.924,169.646,1081.57,147.779,1054.92,243.333,1048.67,280.948,0,0,0,0,1053.36,204.149,1114.48,207.341,0,0,788.556,266.863,790.13,237.086,796.403,280.935,799.572,212.015,0,0,0,0,0,0,0,0,0,0,0,0
28,796.469,255.827,859.023,244.978,865.335,310.717,960.94,324.843,1062.75,340.461,859.125,183.85,971.898,169.785,1075.32,150.886,1043.96,252.73,1042.4,287.224,1101.94,313.853,0,0,1047.09,212.011,1117.6,210.451,0,0,783.939,266.837,785.484,241.749,793.299,282.462,796.416,215.154,0,0,0,0,0,0,0,0,0,0,0,0
29,796.432,257.414,857.449,248.026,860.691,316.963,957.792,332.665,1062.76,345.204,857.566,186.929,970.373,171.279,1072.18,152.482,1045.51,254.292,1034.56,293.488,0,0,0,0,1039.28,207.337,1122.28,207.295,0,0,783.885,271.572,783.828,243.387,793.281,290.337,788.568,216.659,0,0,0,0,0,0,0,0,0,0,0,0
30,794.841,258.986,854.358,254.297,857.574,318.528,953.089,335.816,1076.88,354.559,857.483,190.095,967.211,172.882,1072.2,154.064,1054.93,254.297,1045.52,293.503,1141.1,291.931,0,0,1056.48,208.913,1145.82,207.345,0,0,782.345,274.674,782.308,244.905,787.029,293.435,788.573,221.392,0,0,0,0,0,0,0,0,0,0,0,0
31,793.279,262.161,851.248,255.921,857.487,320.164,957.777,342.051,1059.63,357.72,855.938,193.158,970.354,177.518,1072.11,155.519,1042.4,254.295,1033.03,295.036,0,0,0,0,1047.12,207.325,0,0,0,0,782.294,279.362,780.755,246.463,796.377,293.439,783.937,219.886,0,0,0,0,0,0,0,0,0,0,0,0
32,793.232,266.795,848.159,257.428,854.388,321.728,956.231,342.075,1025.16,346.745,855.915,194.731,981.28,176.005,1072.22,155.592,1047.1,255.904,1043.96,295.073,1152.06,279.393,0,0,1047.12,215.144,1174.01,268.422,0,0,782.246,280.873,779.155,248.082,791.726,295.048,783.916,226.118,0,0,0,0,0,0,0,0,0,0,0,0
33,785.488,268.418,849.661,257.448,857.443,323.259,959.344,354.576,1067.45,368.642,855.912,194.809,973.457,180.661,1075.29,157.12,1056.47,240.218,1054.94,282.521,0,0,0,0,1045.54,205.776,1156.77,196.345,0,0,777.628,280.994,774.457,252.748,785.502,295.106,782.325,224.559,0,0,0,0,0,0,0,0,0,0,0,0
34,785.432,268.376,848.135,260.569,855.911,329.519,957.79,353.039,1068.99,370.311,855.971,194.852,970.313,182.221,1075.28,158.769,1056.5,259.02,1045.52,304.452,0,0,0,0,1056.49,216.697,0,0,0,0,774.484,280.939,774.469,249.636,783.884,299.732,783.831,221.441,0,0,0,0,0,0,0,0,0,0,0,0
35,785.51,268.356,848.137,262.158,854.396,331.092,959.353,356.114,1070.62,378.104,855.971,197.891,981.294,182.275,1080,166.566,1058.06,255.869,1047.13,295.066,0,0,0,0,1059.6,219.876,1184.97,259.019,0,0,779.135,280.996,774.484,251.185,785.451,302.884,782.348,226.135,0,0,0,0,0,0,0,0,0,0,0,0
36,785.455,268.378,849.693,260.595,857.476,331.056,959.351,357.744,1073.74,381.151,855.966,196.387,971.924,185.359,1084.68,168.176,1045.55,277.794,1026.71,315.431,0,0,0,0,0,0,0,0,0,0,776.009,282.508,774.462,251.156,783.94,302.854,783.871,222.986,0,0,0,0,0,0,0,0,0,0,0,0
37,788.563,268.403,851.265,260.582,857.471,331.05,951.532,359.264,1070.53,382.723,857.533,196.378,976.583,188.521,1084.68,169.775,1064.33,252.752,1048.68,306.019,0,0,0,0,1059.6,221.427,0,0,0,0,779.196,282.455,776.076,249.606,791.722,296.647,787.004,219.901,0,0,0,0,0,0,0,0,0,0,0,0
38,791.735,266.839,854.347,260.578,857.571,332.607,964.042,357.788,1072.16,382.838,857.497,196.373,975.038,190.099,1117.56,179.116,1067.47,240.219,1050.21,316.963,1100.38,349.883,0,0,1059.66,208.913,0,0,0,0,780.727,280.958,779.205,248.088,788.57,302.881,783.936,224.533,0,0,0,0,0,0,0,0,0,0,0,0
39,793.25,266.868,854.383,262.159,859.104,332.613,970.333,359.296,1078.41,384.357,857.523,196.377,982.867,188.51,1116.02,180.633,1058.05,265.275,1039.26,315.431,0,0,0,0,1069.03,240.205,0,0,0,0,780.759,280.969,780.756,249.621,788.602,304.413,788.565,221.441,0,0,0,0,0,0,0,0,0,0,0,0
40,794.811,265.302,855.932,260.612,860.693,331.14,970.351,359.308,1079.99,384.371,859.032,194.839,978.139,191.593,1061.21,182.241,1058.06,262.153,1045.55,313.84,1148.94,309.167,0,0,1058.07,221.408,1147.36,318.557,0,0,782.35,280.929,782.282,249.587,794.875,299.74,788.589,221.439,0,0,0,0,0,0,0,0,0,0,0,0
41,794.884,262.151,857.5,259.03,862.223,331.094,973.482,359.279,1084.76,385.9,859.135,194.797,957.788,191.622,1056.49,179.129,1054.93,262.159,1051.8,310.705,1100.35,348.339,0,0,1054.92,218.281,1163.03,293.478,0,0,783.855,279.385,782.349,246.538,794.815,301.288,788.605,218.302,0,0,0,0,0,0,0,0,0,0,0,0
42,796.39,257.391,859.066,257.449,865.351,331.025,971.889,357.737,1092.51,384.38,862.217,194.737,992.252,186.968,1083.12,179.131,1059.65,271.543,1053.35,315.418,1109.8,356.16,0,0,1069.02,227.688,1155.22,205.743,0,0,783.876,273.128,783.879,243.409,791.7,296.664,791.693,218.297,0,0,0,0,0,0,0,0,0,0,0,0
43,796.46,257.488,860.625,257.43,869.977,331.036,970.3,357.728,1097.22,382.852,862.238,194.734,1004.78,182.23,1106.6,172.863,1056.49,259.017,1047.12,307.601,1186.54,329.5,0,0,1059.66,219.881,1199.07,227.688,0,0,783.923,273.143,783.906,243.332,794.791,295.065,796.365,216.699,0,0,0,0,0,0,0,0,0,0,0,0
44,794.858,255.915,860.662,255.854,869.974,327.973,982.838,357.673,1101.92,382.784,863.771,193.188,1001.67,180.681,1144.22,177.555,1069.01,259.007,1056.49,307.603,1152.07,307.601,0,0,1072.15,221.409,1189.67,218.285,0,0,783.827,270.04,782.348,243.283,790.137,293.421,788.587,216.702,0,0,0,0,0,0,0,0,0,0,0,0
45,791.715,255.913,859.033,252.739,863.799,323.289,971.907,354.569,1098.81,381.246,865.347,188.502,1004.81,179.117,1119.15,169.651,1078.43,232.378,1059.61,299.749,0,0,0,0,1070.6,205.751,0,0,0,0,780.762,270.054,780.719,241.724,790.17,290.357,788.594,210.437,0,0,0,0,0,0,0,0,0,0,0,0
46,785.45,255.801,855.962,251.175,862.229,323.266,979.735,353.001,1101.95,379.63,859.134,182.301,1001.65,175.95,1114.49,163.457,1072.19,219.854,1065.91,277.82,0,0,0,0,1065.89,208.884,0,0,0,0,774.473,269.96,772.89,235.522,782.338,290.354,783.926,205.733,0,0,0,0,0,0,0,0,0,0,0,0
47,783.943,254.3,851.241,248.05,859.039,321.684,957.802,346.783,1103.5,378.076,859.096,180.689,1003.24,169.692,1119.17,157.241,1083.14,221.432,0,0,0,0,0,0,1076.87,219.835,0,0,0,0,772.887,268.363,772.888,233.964,782.322,288.773,785.421,194.818,0,0,0,0,0,0,0,0,0,0,0,0
48,783.898,254.296,851.275,243.355,859.117,320.135,960.937,345.21,1103.47,376.496,857.491,179.108,992.243,168.153,1112.9,155.541,1072.17,232.401,1073.76,279.377,1181.82,285.653,0,0,1070.61,204.184,1169.31,171.299,0,0,771.413,268.42,769.84,235.512,783.941,282.521,780.73,204.183,0,0,0,0,0,0,0,0,0,0,0,0
49,785.495,252.724,849.717,243.305,859.039,318.586,975.019,345.237,1106.6,373.405,857.471,175.962,993.826,164.993,1111.34,144.641,1081.55,221.417,1072.15,288.77,1180.26,287.22,0,0,1070.61,190.076,0,0,0,0,771.403,268.394,771.32,233.966,785.449,284.08,780.714,207.312,0,0,0,0,0,0,0,0,0,0,0,0
50,783.826,249.62,849.662,243.304,857.539,318.548,979.717,345.189,1105.08,373.379,857.465,172.842,995.356,157.184,1109.75,143.02,1076.86,241.785,1069.04,287.218,1197.52,291.92,1307.18,291.903,1072.18,199.468,1195.92,202.617,0,0,771.324,266.867,769.816,233.918,779.171,282.588,779.197,207.306,0,0,0,0,0,0,0,0,0,0,0,0
51,783.828,249.629,848.126,241.773,857.464,318.561,982.841,345.18,1103.51,370.319,855.916,171.25,995.396,155.58,1111.35,133.659,1087.83,210.451,1047.09,299.744,0,0,0,0,1086.26,210.438,0,0,0,0,771.342,268.363,769.788,232.432,780.717,284.119,777.631,205.794,0,0,0,0,0,0,0,0,0,0,0,0
52,783.855,246.497,848.098,237.107,857.529,318.556,953.095,343.655,1098.82,370.216,854.389,169.697,996.934,150.908,1111.32,128.952,1058.04,255.888,1058.04,280.96,0,0,0,0,0,0,0,0,0,0,771.353,265.309,769.819,232.402,782.305,284.064,779.146,205.733,0,0,0,0,0,0,0,0,0,0,0,0
53,787.022,244.921,848.168,237.081,859.114,320.118,960.924,345.154,1105.05,370.284,855.904,169.67,995.427,144.735,1114.48,122.688,1059.65,259.011,1053.36,291.899,0,0,0,0,0,0,0,0,0,0,771.381,263.742,769.844,232.316,779.191,285.651,777.63,202.595,0,0,0,0,0,0,0,0,0,0,0,0
54,785.472,244.913,848.145,238.653,859.111,318.589,945.253,345.21,1106.62,370.317,854.396,169.677,995.366,144.615,1120.69,118.036,1058.07,257.449,1045.54,293.465,0,0,0,0,1064.33,238.627,0,0,0,0,771.371,262.179,769.831,230.877,776.058,284.064,776.059,204.163,0,0,0,0,0,0,0,0,0,0,0,0
55,785.422,244.897,848.167,238.646,859.092,318.517,976.586,345.164,1109.76,371.791,855.952,168.18,996.928,143.067,1114.48,116.381,1062.76,263.712,1047.07,295.065,0,0,0,0,0,0,0,0,0,0,771.364,263.698,771.311,232.333,780.72,282.556,777.626,205.737,0,0,0,0,0,0,0,0,0,0,0,0
56,785.445,244.841,851.25,240.203,859.144,320.09,951.525,346.753,1109.78,373.389,857.561,168.124,998.509,141.523,1120.69,107.108,1056.48,255.862,1045.53,291.926,0,0,0,0,1072.16,196.345,1159.89,193.224,0,0,772.954,262.129,771.358,230.86,782.341,285.676,777.596,205.687,0,0,0,0,0,0,0,0,0,0,0,0
57,787.041,244.953,857.483,237.087,868.466,323.27,970.316,346.797,1111.34,374.963,860.643,168.15,998.577,139.966,1120.78,105.503,1058.08,259.033,1043.96,296.618,0,0,0,0,0,0,0,0,0,0,777.607,266.804,772.955,232.397,785.449,288.772,777.629,204.134,0,0,0,0,0,0,0,0,0,0,0,0
58,793.261,244.978,859.045,241.744,871.592,327.936,973.453,351.466,0,0,862.211,168.181,998.555,141.517,1122.37,103.917,1069.04,254.322,1053.35,291.923,0,0,0,0,1084.69,194.803,1180.26,197.897,0,0,780.742,268.36,777.604,232.423,786.999,293.47,780.741,207.269,0,0,0,0,0,0,0,0,0,0,0,0
59,794.826,251.167,860.629,243.312,873.214,326.393,970.319,356.168,0,0,868.479,169.73,1004.79,141.494,1127.02,103.9,1051.79,262.139,1028.3,304.449,1069.02,359.279,1133.29,381.154,0,0,0,0,0,0,782.353,268.442,780.705,237.08,785.452,295.014,783.947,208.866,0,0,0,0,0,0,1194.36,368.705,0,0,1144.22,381.248
60,796.378,255.799,862.232,244.877,881.02,331.093,978.157,359.266,0,0,870.008,171.257,1009.5,141.49,1131.7,103.908,1056.49,265.292,1036.12,307.571,0,0,0,0,1081.55,230.819,0,0,0,0,783.852,270.046,782.268,241.784,788.59,296.631,785.469,210.42,0,0,0,0,0,0,0,0,0,0,0,0
61,796.359,255.916,863.777,244.938,884.141,334.239,996.966,357.761,1007.91,345.197,870.017,172.866,1009.53,144.586,1133.32,105.483,1047.09,268.426,1034.55,302.896,0,0,0,0,0,0,0,0,0,0,783.813,273.148,780.76,243.389,785.44,301.286,786.998,212.008,0,0,0,0,0,0,0,0,0,0,0,0
62,794.895,259.012,860.68,246.495,876.303,332.696,971.881,365.571,1083.14,382.747,868.475,179.086,1015.77,146.192,1145.74,107.044,1056.5,273.133,1043.95,309.145,0,0,0,0,1078.43,241.769,0,0,0,0,780.764,280.899,780.7,244.912,785.456,304.471,782.33,216.71,0,0,0,0,0,0,0,0,0,0,0,0
63,794.792,266.838,860.675,251.177,876.309,342.013,973.455,368.719,1139.55,398.473,866.923,180.634,1017.34,150.897,1144.23,111.723,1114.46,222.97,1120.7,254.319,0,0,0,0,1112.91,199.48,1233.54,207.285,0,0,779.172,282.595,777.598,249.632,783.867,306.066,782.343,218.253,0,0,0,0,0,0,0,0,0,0,0,0
64,787.014,266.876,857.489,254.309,871.602,345.21,973.454,370.316,1070.61,390.595,862.216,180.704,1017.3,155.555,1147.4,117.96,1076.87,262.146,1026.74,313.864,0,0,0,0,1098.81,219.846,0,0,0,0,771.398,284.078,771.318,251.171,779.182,307.571,780.76,218.317,0,0,0,0,0,0,0,0,0,0,0,0
65,783.868,268.369,854.373,255.888,870.089,349.907,978.144,374.952,1036.13,376.537,859.039,180.661,1012.64,157.167,1147.33,122.681,1089.39,240.204,1083.12,274.672,0,0,0,0,1095.67,201.036,1208.44,199.486,0,0,769.745,284.122,769.728,254.3,771.355,309.197,771.413,221.399,0,0,0,0,0,0,0,0,0,0,0,0
66,780.774,270.007,852.809,257.429,870.025,349.876,987.548,381.245,1094.09,395.341,857.464,180.69,1011.04,160.326,1145.74,127.401,1043.95,280.936,1026.72,310.717,0,0,0,0,1053.35,243.353,0,0,0,0,766.651,290.366,763.511,255.879,771.387,309.175,769.794,219.843,0,0,0,0,0,0,0,0,0,0,0,0
67,780.711,270.041,848.14,255.881,860.654,349.883,953.101,384.37,0,0,855.945,180.665,1009.53,165.025,1147.38,132.193,1094.09,226.125,1079.98,295.049,0,0,0,0,1087.83,205.721,1200.63,185.395,0,0,760.435,291.943,758.859,255.819,768.205,318.481,769.72,219.86,0,0,0,0,0,0,0,0,0,0,0,0
68,772.958,270.001,848.115,255.898,860.642,345.202,967.187,389.044,1150.48,421.968,852.802,180.673,1017.31,168.095,1147.37,138.356,1116.03,235.511,1078.43,302.877,0,0,0,0,0,0,0,0,0,0,758.761,291.929,757.273,255.85,760.419,317.013,769.766,224.558,0,0,0,0,0,0,0,0,0,0,0,0
69,772.94,269.979,846.55,255.896,860.674,345.211,981.282,387.477,1150.48,428.228,851.242,180.676,1009.53,168.184,1145.81,143.096,1081.56,277.812,1062.75,316.973,0,0,0,0,0,0,0,0,0,0,757.269,291.92,757.241,255.919,760.417,318.563,763.49,221.432,0,0,0,0,0,0,0,0,0,0,0,0
70,769.801,270.007,844.952,257.489,855.966,348.319,984.42,393.73,1148.93,431.376,849.667,182.192,1009.54,169.727,1172.45,152.479,1089.41,243.341,1069,320.113,0,0,0,0,1084.71,216.709,0,0,0,0,754.076,291.886,752.539,255.805,757.203,318.504,760.42,221.409,0,0,0,0,0,0,0,0,0,0,0,0
71,769.727,269.987,843.414,258.995,852.832,351.458,971.884,398.452,1148.92,432.91,848.15,180.705,1009.54,169.696,1147.37,152.457,1111.33,219.849,1119.16,241.774,0,0,0,0,0,0,0,0,0,0,754.121,290.343,754.078,254.323,758.797,320.071,760.427,222.982,0,0,0,0,0,0,0,0,0,0,0,0
72,761.947,270.023,841.834,257.482,846.55,343.605,945.244,395.363,1148.94,434.504,848.141,180.699,1004.79,171.267,0,0,1089.4,213.576,1083.13,204.182,0,0,0,0,1097.23,230.809,0,0,0,0,747.86,291.896,746.256,251.19,754.106,316.974,758.833,219.903,0,0,0,0,0,0,0,0,0,0,0,0
73,760.375,270.031,838.742,258.997,840.266,343.59,959.364,393.787,1158.34,437.632,848.103,180.668,1004.78,171.261,1112.89,157.173,1144.23,227.669,1142.66,233.946,0,0,0,0,0,0,0,0,0,0,746.315,291.909,744.722,252.746,754.094,320.111,758.807,219.889,0,0,0,0,0,0,0,0,0,0,0,0
74,760.402,269.986,841.854,257.483,848.125,349.911,962.485,395.368,1161.48,439.215,848.163,180.631,1007.91,169.719,1119.15,155.612,1109.77,224.551,0,0,0,0,0,0,0,0,0,0,0,0,746.301,290.363,744.711,251.184,752.562,318.574,758.824,219.824,0,0,0,0,0,0,0,0,0,0,0,0
75,760.377,270.012,843.413,257.441,855.928,353.011,978.153,396.913,1170.9,440.755,848.155,177.51,915.492,160.296,0,0,1087.82,221.417,0,0,0,0,0,0,0,0,0,0,0,0,746.265,293.43,744.721,252.745,757.24,320.089,758.848,221.417,0,0,0,0,0,0,0,0,0,0,0,0
76,761.937,268.426,844.92,258.996,855.938,354.578,973.448,393.766,1174.04,437.632,854.405,174.425,1018.88,163.437,1090.96,158.756,1094.09,304.458,1070.58,334.221,0,0,0,0,1108.2,279.392,0,0,0,0,746.286,291.897,744.767,248.069,757.281,321.67,757.273,219.857,0,0,0,0,0,0,0,0,0,0,0,0
77,761.976,266.847,844.981,257.426,852.8,345.189,959.35,395.348,1181.82,434.553,854.398,169.752,981.293,165.019,0,0,1105.07,298.175,1084.69,335.785,0,0,0,0,1122.29,265.278,0,0,0,0,746.344,290.366,744.755,246.467,758.804,320.175,757.207,218.213,0,0,0,0,0,0,0,0,0,0,0,0
78,765.089,263.728,846.566,252.745,859.055,345.195,982.846,396.908,0,0,857.512,168.173,1000.11,157.232,1222.61,149.331,1095.66,251.185,0,0,0,0,0,0,1116.03,208.889,0,0,0,0,746.345,290.336,746.211,244.918,757.294,318.56,757.251,210.453,0,0,0,0,0,0,0,0,0,0,0,0
79,763.535,259.079,846.589,252.752,865.334,349.886,996.965,393.779,1188.13,431.421,857.485,168.128,1023.61,155.617,1188.1,138.369,0,0,0,0,0,0,0,0,0,0,0,0,0,0,746.221,282.568,744.659,243.3,757.24,316.985,750.963,208.903,0,0,0,0,0,0,0,0,0,0,0,0
80,757.275,259.029,844.93,254.324,857.517,349.871,956.22,390.615,1197.55,429.799,859.093,158.758,929.596,146.21,0,0,0,0,0,0,0,0,0,0,0,0,0,0,0,0,741.592,282.493,736.879,238.646,755.683,315.388,747.883,207.263,0,0,0,0,0,0,0,0,0,0,0,0
81,755.664,254.307,838.727,252.728,857.5,346.76,938.996,384.375,1199.05,425.107,855.968,155.612,924.893,141.532,0,0,0,0,0,0,0,0,0,0,0,0,0,0,0,0,733.795,280.879,732.181,233.975,750.967,310.719,736.898,204.17,0,0,0,0,0,0,0,0,0,0,0,0
82,746.304,251.157,835.572,248.053,846.557,335.785,942.124,382.784,0,0,851.251,152.47,946.807,138.393,0,0,0,0,0,0,0,0,0,0,0,0,0,0,0,0,727.477,277.827,722.787,229.26,741.557,309.135,732.178,196.376,0,0,0,0,0,0,0,0,0,0,0,0
83,735.35,249.637,832.423,233.959,835.593,327.939,904.522,382.761,1208.43,418.89,844.999,144.68,1031.44,130.515,1203.78,103.902,998.527,241.773,0,0,0,0,0,0,1020.44,199.478,0,0,0,0,721.15,273.113,716.504,227.705,732.161,304.42,730.622,193.196,0,0,0,0,0,0,0,0,0,0,0,0
84,733.769,246.52,827.733,232.392,837.158,332.663,943.676,382.792,0,0,840.266,143.11,1020.45,124.271,1200.65,92.9144,996.959,218.281,0,0,0,0,0,0,1009.5,183.835,0,0,0,0,713.404,271.558,710.289,224.548,725.892,309.137,722.759,194.728,0,0,0,0,0,0,0,0,0,0,0,0
85,729.062,246.493,821.538,230.805,846.578,329.518,0,0,0,0,835.602,143.067,1033.03,116.419,1203.76,80.4391,998.523,215.15,0,0,0,0,0,0,1020.46,180.687,1127.02,154.027,0,0,708.725,270.042,707.148,221.454,724.359,307.584,721.268,191.611,0,0,0,0,0,0,0,0,0,0,0,0
86,724.362,249.615,821.531,230.771,833.998,310.723,943.691,379.636,0,0,832.483,141.485,1033.02,107.062,1200.65,69.422,992.251,229.249,0,0,0,0,0,0,1011.06,185.373,0,0,0,0,707.084,271.538,703.938,221.409,718.075,316.95,719.677,183.811,0,0,0,0,0,0,0,0,0,0,0,0
87,721.231,246.536,818.338,238.636,829.317,340.484,953.084,381.206,0,0,830.897,141.491,1028.31,102.336,1202.21,58.5186,975.03,227.683,954.664,259.006,0,0,0,0,1006.37,186.943,0,0,0,0,703.979,271.569,697.748,221.436,721.186,312.309,716.5,191.608,0,0,0,0,0,0,0,0,0,0,0,0
88,719.665,248.054,821.445,227.673,826.179,318.551,938.986,381.26,0,0,829.302,138.356,1025.14,97.6221,1199.08,53.7963,1011.06,238.649,978.148,269.993,0,0,0,0,1018.88,186.956,0,0,0,0,703.931,271.594,696.113,219.904,722.798,309.195,713.35,183.824,0,0,0,0,0,0,0,0,0,0,0,0
89,713.383,246.484,815.23,229.234,818.355,307.6,913.924,381.227,0,0,824.605,135.262,1023.58,94.4709,1199.09,44.3485,0,0,0,0,0,0,0,0,0,0,0,0,0,0,697.676,271.548,693.012,222.953,713.355,313.853,708.643,183.852,0,0,0,0,0,0,0,0,0,0,0,0
90,718.066,252.755,816.752,226.12,819.934,313.853,907.66,382.752,0,0,823.053,135.239,1022.06,91.3452,1197.47,36.5478,971.884,232.389,948.381,266.859,0,0,0,0,996.957,194.771,0,0,0,0,696.158,274.684,692.996,224.53,713.352,318.582,710.221,185.364,0,0,0,0,0,0,0,0,0,0,0,0
91,714.932,252.761,815.213,226.121,823.073,312.281,891.99,382.782,0,0,821.504,135.25,1025.14,85.1042,1199.08,31.842,0,0,0,0,0,0,0,0,0,0,0,0,0,0,694.628,274.7,691.452,224.545,710.263,320.119,710.28,183.787,0,0,0,0,0,0,0,0,0,0,0,0
92,713.369,255.895,816.768,230.782,823.057,320.134,923.323,389.044,0,0,821.482,138.372,1028.27,83.5166,1202.21,30.2434,985.99,233.946,0,0,0,0,0,0,1009.49,193.209,1117.6,160.301,0,0,694.608,279.375,689.869,229.273,710.222,318.562,708.703,186.95,0,0,0,0,0,0,0,0,0,0,0,0
93,719.617,255.949,819.882,230.778,832.457,335.781,899.84,387.471,0,0,824.646,139.92,1036.12,82.0455,1205.36,30.2327,0,0,0,0,0,0,0,0,0,0,0,0,0,0,696.135,282.514,693.026,232.321,718.088,321.695,710.268,193.236,0,0,0,0,0,0,0,0,0,0,0,0
94,719.634,257.459,819.96,241.781,830.895,338.904,909.227,393.751,0,0,829.315,143.042,1039.27,83.5674,1210.02,30.2051,995.392,232.373,0,0,0,0,0,0,0,0,0,0,0,0,697.696,284.097,694.578,232.461,721.19,327.911,707.144,194.812,0,0,0,0,0,0,0,0,0,0,0,0
95,722.815,263.718,821.461,244.889,840.28,349.895,931.147,404.714,0,0,834.054,144.62,1042.41,86.6882,1219.46,30.2076,985.998,230.811,968.752,271.559,0,0,0,0,1011.06,194.778,0,0,0,0,700.856,291.881,696.204,233.974,721.232,327.974,707.137,196.327,0,0,0,0,0,0,0,0,0,0,0,0
96,724.339,268.356,827.758,246.485,837.159,338.92,918.628,406.314,1255.46,445.404,838.719,146.213,1053.35,92.9057,1236.69,30.3005,0,0,0,0,0,0,0,0,0,0,0,0,0,0,702.435,293.49,696.215,243.268,725.887,331.103,708.69,205.678,0,0,0,0,0,0,0,0,0,0,0,0
97,721.244,271.539,832.46,262.139,841.842,343.597,913.918,407.87,1263.31,451.716,843.434,155.589,1036.14,102.353,1246.08,36.5084,0,0,0,0,0,0,0,0,0,0,0,0,0,0,705.51,298.171,697.698,244.849,722.779,337.356,724.33,207.383,0,0,0,0,0,0,0,0,0,0,0,0
98,719.663,276.257,824.613,268.425,838.71,363.993,0,0,0,0,841.825,154.024,970.32,119.554,0,0,0,0,0,0,0,0,0,0,0,0,0,0,0,0,699.296,306.038,696.098,248.043,729.05,345.192,711.836,212.029,0,0,0,0,0,0,0,0,0,0,0,0
99,708.738,279.404,823.039,268.403,824.622,354.591,0,0,0,0,835.619,154.021,1073.73,108.635,1253.9,58.4691,0,0,0,0,0,0,0,0,0,0,0,0,0,0,694.542,307.558,685.215,254.308,721.202,348.299,705.497,218.288,0,0,0,0,0,0,0,0,0,0,0,0
100,707.067,282.504,821.49,268.4,832.408,356.144,907.647,431.321,0,0,834.019,157.165,904.525,128.952,0,0,0,0,0,0,0,0,0,0,0,0,0,0,0,0,685.208,316.96,682.029,255.943,711.785,356.112,697.718,218.315,0,0,0,0,0,0,0,0,0,0,0,0
101,699.279,288.776,815.196,280.935,830.864,382.783,951.515,442.311,0,0,829.301,158.765,907.647,124.274,0,0,0,0,0,0,0,0,0,0,0,0,0,0,0,0,682,320.128,674.198,257.401,691.432,367.089,696.12,213.554,0,0,0,0,0,0,0,0,0,0,0,0
102,694.616,288.811,808.975,291.899,832.457,404.708,0,0,0,0,819.888,180.664,896.682,128.967,0,0,0,0,0,0,0,0,0,0,0,0,0,0,0,0,674.217,320.155,669.53,260.556,694.552,368.652,683.603,221.403,0,0,0,0,0,0,0,0,0,0,0,0
103,683.663,294.997,805.816,285.663,808.963,370.28,0,0,0,0,821.469,169.688,898.264,132.092,1059.64,133.674,0,0,0,0,0,0,0,0,0,0,0,0,0,0,669.52,324.818,660.145,262.153,688.305,368.697,685.198,215.151,0,0,0,0,0,0,0,0,0,0,0,0
104,680.477,295.114,799.551,298.2,821.487,404.727,0,0,0,0,808.911,197.919,891.976,135.26,1050.22,142.99,0,0,0,0,0,0,0,0,0,0,0,0,0,0,664.798,327.947,657.03,265.307,685.162,373.38,683.642,230.838,0,0,0,0,0,0,0,0,0,0,0,0
105,677.307,295.007,807.398,307.59,821.477,406.288,926.453,456.452,1034.56,467.399,821.508,222.976,0,0,0,0,0,0,0,0,0,0,0,0,0,0,0,0,0,0,658.528,327.973,653.815,266.796,667.943,370.236,685.182,219.878,0,0,0,0,0,0,0,0,0,0,0,0
106,672.677,296.596,793.284,302.894,788.583,359.306,0,0,0,0,810.53,208.89,885.725,138.391,0,0,0,0,0,0,0,0,0,0,0,0,0,0,0,0,655.406,331.092,647.597,268.347,660.116,378.089,671.099,224.547,0,0,0,0,0,0,0,0,0,0,0,0
107,669.466,296.661,794.851,291.893,797.997,354.597,0,0,0,0,818.354,160.328,895.099,133.724,1042.4,146.227,0,0,0,0,0,0,0,0,0,0,0,0,0,0,649.138,331.061,644.438,268.342,663.245,370.294,685.164,207.306,0,0,0,0,0,0,0,0,0,0,0,0
108,667.896,302.876,787.023,304.446,805.826,406.281,898.26,465.817,1283.7,531.654,815.208,160.3,888.857,133.723,0,0,0,0,0,0,0,0,0,0,0,0,0,0,0,0,646.032,332.601,642.87,268.472,650.707,371.839,669.484,229.207,0,0,0,0,0,0,0,0,0,0,0,0
109,667.889,304.436,793.295,299.769,807.385,403.165,893.547,459.568,1283.65,533.21,807.366,165.015,888.843,135.265,1040.83,143.086,989.125,334.212,0,0,0,0,0,0,0,0,0,0,0,0,645.964,332.669,641.286,268.465,645.959,379.631,672.623,219.834,0,0,0,0,0,0,0,0,0,0,0,0
110,666.364,305.96,793.288,302.891,805.777,393.75,834.006,443.922,0,0,804.239,172.834,888.867,133.68,0,0,0,0,0,0,0,0,0,0,0,0,0,0,0,0,645.941,332.699,641.269,269.964,645.964,381.251,666.388,221.441,0,0,0,0,0,0,0,0,0,0,0,0
111,658.553,306.016,794.834,293.479,807.344,384.363,888.842,464.277,0,0,807.403,158.746,890.433,130.489,1217.87,117.97,0,0,0,0,0,0,0,0,0,0,0,0,0,0,642.888,332.638,633.516,268.476,644.392,379.642,667.945,212.026,0,0,0,0,0,0,0,0,0,0,0,0
112,656.928,302.896,793.281,304.447,808.923,401.589,0,0,0,0,802.676,157.198,998.53,132.143,0,0,0,0,0,0,0,0,0,0,0,0,0,0,0,0,638.194,332.62,633.414,269.917,649.131,381.225,650.714,227.695,0,0,0,0,0,0,0,0,0,0,0,0
113,652.295,301.324,782.296,295.038,793.285,362.424,0,0,0,0,799.564,155.587,881.001,124.298,0,0,0,0,0,0,0,0,0,0,0,0,0,0,0,0,633.484,332.614,631.863,268.393,636.605,376.502,658.495,229.205,0,0,0,0,0,0,0,0,0,0,0,0
114,652.29,295.032,780.754,296.625,791.71,362.418,812.092,440.751,0,0,794.849,158.73,876.32,122.734,0,0,0,0,0,0,0,0,0,0,0,0,0,0,0,0,631.934,331.067,627.209,266.797,631.915,378.066,660.1,216.706,0,0,0,0,0,0,0,0,0,0,0,0
115,649.149,295.02,780.759,290.358,804.237,431.385,812.094,442.316,0,0,783.906,164.997,882.573,124.265,0,0,0,0,0,0,0,0,0,0,0,0,0,0,0,0,631.853,331.032,624.093,265.298,633.462,373.42,645.994,221.419,0,0,0,0,0,0,0,0,0,0,0,0
116,650.693,293.524,776.059,290.348,782.332,349.891,810.505,434.518,0,0,788.566,158.753,884.159,130.522,0,0,0,0,0,0,0,0,0,0,0,0,0,0,0,0,630.337,326.364,622.557,260.573,633.47,378.084,649.126,219.81,0,0,0,0,0,0,0,0,0,0,0,0
117,647.587,294.993,780.73,295.027,788.573,360.844,0,0,0,0,782.333,191.631,873.185,124.276,0,0,0,0,0,0,0,0,0,0,0,0,0,0,0,0,630.328,323.236,622.507,257.498,631.913,371.806,647.601,219.877,0,0,0,0,0,0,0,0,0,0,0,0
118,647.571,291.942,780.746,290.359,791.714,359.302,0,0,0,0,780.748,190.059,873.178,125.863,0,0,0,0,0,0,0,0,0,0,0,0,0,0,0,0,630.3,321.661,621.013,257.399,650.688,370.218,646.009,218.298,0,0,0,0,0,0,0,0,0,0,0,0
119,647.562,287.225,782.32,299.745,785.448,354.597,0,0,0,0,783.9,208.877,794.823,138.362,0,0,0,0,0,0,0,0,0,0,0,0,0,0,0,0,625.635,320.146,620.975,255.917,649.128,367.144,649.138,216.718,0,0,0,0,0,0,0,0,0,0,0,0
120,645.963,290.337,763.522,288.787,763.498,365.563,0,0,0,0,782.327,183.82,877.887,119.592,0,0,0,0,0,0,0,0,0,0,0,0,0,0,0,0,625.638,320.107,620.985,254.334,642.871,368.687,652.262,215.145,0,0,0,0,0,0,0,0,0,0,0,0
121,646.051,284.124,763.507,290.359,766.629,368.677,0,0,0,0,779.179,185.372,794.836,130.568,0,0,0,0,0,0,0,0,0,0,0,0,0,0,0,0,624.098,318.536,620.947,252.731,641.311,367.076,646.01,205.732,0,0,0,0,0,0,0,0,0,0,0,0