x,x0,0.9284272041,y0,0.9898678185,x1,0.6283676871,y1,0.9998173128,x2,y2,x3,y3,x4,y4,x5,y5,x6,y6,x7,y7,x8,y8,x9,y9,x10,y10,x11,y11,x12,y12,x13,y13,x14,y14,x15,y15,x16,y16,x17,y17,x18,y18,x19,y19,x20,y20,y21,x22,y22,x23,y23,x24,y24
000000000000,602.951,0.9225255452,477.173,0.9898816215,608.079,0.5950319884,639.528,0.9998075269,508.464,644.542,482.432,817.54,519.072,948.709,723.198,629.098,739.232,801.792,712.835,932.856,634.307,969.4,561.134,974.654,545.204,1226.08,524.582,1529.87,697.072,959.112,728.654,1215.6,759.846,1530.11,576.601,456.264,629.119,456.162,555.762,487.609,655.214,482.546,885.626,1577.14,875.203,1566.53,728.602,1571.81,482.571,1582.31,471.781,1571.65,555.6
000000000001,592.46,0.9094472022,477.255,0.9909204408,602.695,0.5128894914,639.515,0.9998026978,487.545,644.673,477.199,817.714,508.505,953.72,697.329,623.878,733.733,796.579,702.38,932.859,618.513,974.591,560.624,979.802,529.697,1226.25,529.452,1529.85,691.846,964.336,728.627,1220.96,759.919,1535.17,566.073,461.395,608.293,456.222,534.852,482.678,644.95,482.385,885.684,1577.21,875.207,1566.59,728.65,1571.95,482.58,1582.31,471.824,1571.65,555.675
000000000002,571.46,0.8973002781,477.315,0.9909430464,592.37,0.4366819419,639.505,0.9998008582,482.271,644.689,471.813,817.684,482.606,959.121,692.036,623.869,728.529,796.614,692.075,932.814,608.378,974.731,550.334,979.993,524.511,1231.22,524.583,1529.92,686.839,969.448,728.433,1215.71,759.882,1529.98,555.731,466.556,602.786,456.195,524.194,487.703,639.403,482.443,880.41,1577.16,870.054,1566.55,728.693,1566.76,482.558,1582.28,471.795,1571.63,555.622
000000000003,566.058,0.8886204683,477.292,0.9919476463,571.456,0.3664485552,639.555,0.9998137357,476.926,644.751,456.229,817.587,477.25,964.268,686.658,623.817,723.116,801.862,691.842,932.694,607.988,974.581,534.671,979.863,524.48,1231.38,524.567,1529.95,686.488,959.082,723.37,1210.46,754.727,1530.02,539.974,461.495,592.451,456.149,518.873,487.751,613.55,482.309,870.012,1577.1,869.92,1566.49,728.64,1571.75,482.51,1577.29,471.733,1566.81,555.634
000000000004,560.816,0.8808468682,477.363,0.9919563567,566.328,0.3196132256,639.553,0.999817415,471.736,644.738,445.748,817.412,466.731,953.909,681.476,623.882,707.694,791.456,686.891,932.655,602.978,964.234,529.455,974.583,524.304,1231.21,524.592,1529.84,681.253,948.721,702.473,1200.04,744.274,1524.91,524.583,461.516,576.667,461.336,508.553,487.681,608.247,482.473,854.236,1572.11,854.218,1566.37,728.497,1566.45,487.686,1582.29,471.913,1571.69,555.691
000000000005,550.552,0.8739526097,477.321,0.9919291886,565.948,0.2785044425,639.42,0.9998155754,456.145,644.601,440.748,812.354,445.816,948.658,676.112,623.734,697.329,801.933,686.408,932.934,602.636,969.474,524.248,974.722,524.063,1231.11,524.59,1524.92,670.869,959.087,702.363,1226.12,733.752,1524.77,524.094,461.498,566.389,456.274,492.95,487.608,603.071,482.332,833.407,1577.04,838.528,1566.42,717.958,1561.39,492.863,1582.31,476.898,1571.74,555.707
000000000006,539.943,0.8695567301,477.28,0.9919030574,560.935,0.2378057389,639.44,0.9998355815,445.87,644.612,440.59,812.269,440.794,948.598,660.544,623.716,697.028,801.797,671.046,932.893,597.406,964.208,519.201,974.633,519.254,1226.2,524.595,1524.83,655.411,953.767,692.063,1220.8,728.368,1524.82,518.974,466.581,565.955,456.165,487.61,492.783,602.69,482.396,817.829,1577.06,817.849,1566.44,692.141,1561.47,503.248,1582.42,477.03,1571.87,555.74
000000000007,529.488,0.8669299827,477.317,0.9918854292,555.819,0.2027450673,639.438,0.999854208,440.65,644.605,440.479,807.233,440.75,943.385,655.151,623.802,691.865,791.443,665.787,932.664,581.962,964.289,518.992,974.763,519.15,1231.32,524.557,1524.91,650.074,953.824,686.687,1205.18,717.981,1529.92,513.753,466.649,560.783,456.123,482.349,487.829,597.503,482.288,812.295,1577.15,812.427,1566.51,691.865,1566.59,498.026,1582.31,476.933,1571.78,555.717
000000000008,524.437,0.8660532945,477.352,0.991854528,550.564,0.1734759274,639.47,0.9998636362,440.412,644.747,440.367,807.16,445.729,943.112,650.122,623.715,691.76,791.405,660.434,932.861,581.849,964.203,518.914,974.639,519.076,1231.44,524.569,1524.85,650.01,953.81,686.411,1210.43,691.927,1524.88,508.496,466.665,555.769,456.161,477.303,492.821,592.27,482.293,780.993,1577.19,791.428,1566.54,676.13,1566.36,498.037,1582.25,476.98,1571.74,555.735
000000000009,524.212,0.8660350509,477.363,0.9918140868,545.158,0.1557058184,639.449,0.9998599569,440.288,644.665,435.43,807.117,445.906,937.848,649.863,618.702,686.833,796.657,655.336,932.762,576.612,964.245,518.788,974.642,518.901,1231.35,524.391,1524.82,649.81,953.83,670.922,1220.79,681.392,1529.82,498.206,466.567,555.609,456.219,477.127,487.773,581.968,482.382,765.217,1577.29,770.279,1566.68,650.024,1566.34,503.379,1582.25,477.043,1571.75,550.438
000000000010,524.095,0.8660826502,482.182,0.9917670091,534.766,0.1498201701,639.507,0.9998463895,435.337,644.761,435.252,812.141,445.932,927.516,644.881,618.663,686.724,791.48,650.285,932.795,571.548,969.45,513.848,974.806,518.865,1231.28,524.525,1529.86,644.988,959.034,655.21,1200.11,650.222,1524.62,492.993,466.651,550.495,456.297,476.972,492.768,576.678,482.367,744.294,1582.27,754.789,1566.67,634.34,1556.23,492.975,1587.51,476.93,1571.91,555.558
000000000011,519.22,0.8669880305,477.364,0.9906918964,534.679,0.1557932124,639.507,0.9998098265,435.227,644.782,435.036,812.153,450.877,917.186,644.881,618.629,686.564,796.669,650.287,927.584,571.41,964.257,513.738,974.64,513.847,1231.39,524.556,1529.85,644.824,953.822,644.937,1200,639.51,1524.77,492.826,466.528,550.371,456.299,476.914,487.78,571.633,482.475,733.633,1577.31,728.755,1566.71,608.149,1561.21,482.629,1582.38,471.924,1571.68,550.444
000000000012,519.125,0.8695703299,482.159,0.990604585,529.686,0.1733963765,639.561,0.9986244038,435.137,644.863,430.016,807.199,461.496,911.826,644.826,618.663,686.439,791.358,650.084,927.607,571.362,969.485,513.816,974.756,513.776,1231.25,524.408,1529.86,644.747,964.172,644.58,1205.24,623.806,1529.91,487.788,466.576,545.186,461.331,476.839,492.774,571.519,482.381,718.041,1582.37,718.106,1571.66,602.838,1566.4,487.719,1582.27,476.929,1571.67,540.094
000000000013,519.187,0.8738902498,477.334,0.9895060371,529.655,0.2024671992,639.571,0.9974146059,435.075,644.871,424.712,812.409,466.694,917.117,644.832,618.682,686.381,781.105,650.107,927.604,566.373,974.668,513.639,979.795,513.694,1231.35,524.412,1529.85,644.55,969.423,639.409,1215.76,608.202,1529.84,487.823,461.515,545.247,456.261,471.963,487.828,571.459,482.456,697.081,1587.48,697.167,1571.74,597.537,1566.33,492.919,1582.33,477.061,1571.68,539.996
000000000014,519.247,0.8790934918,477.232,0.9883875798,529.638,0.2372051854,639.545,0.9961880211,435.075,644.827,419.584,812.167,466.764,906.708,644.816,618.665,681.499,780.911,650.084,927.568,566.393,974.562,513.689,974.755,513.62,1231.37,524.327,1530.01,644.528,964.321,623.815,1205.25,607.954,1524.85,492.774,461.411,550.339,456.125,471.955,492.779,571.47,482.451,691.955,1582.33,692.082,1566.8,592.326,1561.35,492.917,1582.41,477.017,1571.77,534.889
000000000015,524.047,0.8851570028,477.195,0.9873008532,529.624,0.2721314047,639.507,0.9949607465,435.032,644.74,419.471,812.253,471.858,906.603,644.828,618.681,686.345,786.088,650.013,932.651,566.371,974.577,513.652,974.764,508.593,1231.38,524.355,1530.11,644.491,969.383,613.504,1215.7,607.936,1529.94,492.866,461.342,550.407,451.074,472.006,487.791,571.503,482.381,691.977,1582.46,691.976,1571.74,592.323,1566.45,482.525,1587.59,471.893,1571.82,539.975
000000000016,524.105,0.8912749129,477.195,0.9861629011,529.643,0.307309722,639.521,0.9925682854,435.027,644.756,419.434,812.145,471.91,906.688,644.846,618.706,686.358,786.199,649.985,932.812,566.287,974.628,508.615,974.808,508.572,1231.42,524.188,1530.05,639.614,969.431,623.748,1225.96,607.939,1529.83,492.961,456.28,550.531,451.058,476.893,487.682,571.607,482.337,691.932,1592.8,692.119,1571.87,587.198,1566.38,492.917,1587.57,477.011,1571.88,534.757
000000000017,524.202,0.8974249981,477.168,0.9839604133,529.696,0.3479815352,639.479,0.9901404111,435.094,644.662,419.458,812.224,476.946,917.115,644.875,618.677,686.423,786.279,649.956,932.939,566.325,974.596,508.634,974.766,508.577,1231.44,524.269,1530.02,644.5,969.438,629.02,1220.85,608.064,1529.93,498.099,456.253,555.554,450.991,476.978,487.715,576.637,482.229,692.052,1592.76,692.102,1571.9,592.356,1566.41,487.786,1587.53,476.908,1571.83,534.909
000000000018,524.327,0.9044050014,477.157,0.9807089439,534.704,0.3889076873,639.454,0.9865478101,435.112,644.573,419.461,812.35,477.076,932.93,644.968,623.734,686.456,791.415,649.939,937.803,566.268,974.827,508.535,979.894,508.51,1231.57,524.201,1530.07,644.452,974.661,634.16,1225.98,608.146,1530,503.387,456.169,555.728,451.015,477.046,482.65,581.927,482.245,691.904,1587.68,692.108,1571.83,597.394,1566.47,487.647,1587.62,471.973,1571.85,534.822
000000000019,524.499,0.9122130986,477.136,0.9785143369,539.905,0.4245218541,639.39,0.9829372726,435.235,644.501,424.788,817.639,476.98,943.257,649.866,618.707,686.536,796.563,650.15,937.856,566.331,974.642,513.607,974.826,508.558,1231.62,524.209,1529.99,644.461,969.491,634.25,1226.12,608.19,1529.94,508.657,451.082,560.703,450.927,477.263,482.443,592.276,477.385,691.936,1587.54,692.104,1571.78,597.472,1566.4,487.759,1587.54,476.92,1571.84,534.856
000000000020,529.554,0.9208841183,476.998,0.9752514611,540.097,0.4599746782,639.348,0.9781739662,435.311,644.487,429.881,822.849,476.844,948.645,649.959,618.645,686.645,791.498,655.151,937.762,566.506,974.683,513.843,979.894,513.626,1231.57,524.242,1530.01,644.597,969.458,634.187,1221,608.219,1529.99,513.818,450.955,560.899,445.885,482.223,482.31,597.468,482.16,691.902,1587.61,692.103,1571.81,597.524,1566.43,492.782,1582.47,476.961,1571.78,534.852
000000000021,534.79,0.9304421089,476.943,0.9720089095,550.39,0.5009960673,634.352,0.9733957127,440.262,639.52,430.034,817.771,466.559,953.894,650.058,618.635,686.738,791.455,655.265,937.793,566.495,974.573,513.802,979.813,513.677,1231.5,524.214,1529.91,644.601,964.317,634.31,1226.07,608.179,1529.93,518.93,450.882,561.126,445.811,482.55,482.254,597.637,477.294,691.699,1587.61,692.041,1571.79,597.469,1566.39,487.747,1582.45,476.944,1571.76,534.829
000000000022,545.172,0.9400078945,476.862,0.9677254647,555.632,0.5363659791,634.3,0.9685960733,440.407,639.437,435.011,817.691,456.181,969.372,650.219,618.591,686.885,791.476,660.487,932.857,566.435,974.633,513.68,979.844,513.729,1231.47,524.235,1530.06,644.559,969.414,639.334,1225.98,608.149,1529.9,519.178,445.807,566.105,445.769,487.554,477.322,602.697,477.277,692.09,1587.64,697.069,1571.85,597.429,1566.39,487.654,1582.45,476.888,1571.77,534.912
000000000023,550.56,0.948684719,471.941,0.963425636,560.659,0.5717168435,634.237,0.9637985034,440.59,634.356,435.172,817.428,445.764,969.511,655.206,618.586,691.681,791.488,665.817,932.792,566.447,969.554,513.594,974.804,513.723,1231.51,524.238,1529.92,644.616,964.269,639.4,1226.02,608.105,1529.98,524.216,445.751,566.377,445.776,492.861,477.355,602.932,482.151,691.781,1592.72,692.09,1571.85,592.419,1566.45,487.537,1582.43,471.913,1571.73,534.862
000000000024,555.807,0.9564969624,471.992,0.9580334811,560.81,0.6071181275,634.208,0.9589735689,445.613,639.35,435.279,817.604,440.774,969.505,660.425,618.481,691.945,791.359,676.254,932.696,566.453,964.299,513.599,974.621,513.845,1231.53,524.298,1529.92,644.629,958.969,644.419,1226.02,608.071,1529.96,524.466,445.719,576.574,445.71,498.109,477.264,608.026,477.238,686.833,1592.82,692.013,1571.9,592.428,1566.41,487.729,1582.32,476.904,1571.7,534.893
000000000025,560.935,0.9634454541,471.708,0.9525672879,561.021,0.6424454628,629.103,0.9530154116,450.879,634.262,435.237,817.453,440.638,969.39,665.779,618.514,697.037,796.566,686.384,932.879,566.449,969.464,508.613,974.728,518.801,1231.43,524.454,1529.84,644.677,964.193,639.514,1220.97,608.149,1529.91,529.657,440.638,587.049,440.694,508.449,477.068,608.277,477.153,691.95,1592.81,692.158,1571.89,597.44,1566.33,503.301,1582.44,477.189,1571.74,540.049
000000000026,561.187,0.9695315208,466.575,0.9461155746,565.943,0.6832281991,628.963,0.948180589,450.982,629.124,435.149,812.292,440.271,958.951,681.218,618.501,697.187,796.692,686.572,937.831,571.351,964.326,513.651,969.562,518.964,1231.17,529.485,1529.95,644.753,964.2,639.517,1226,608.211,1529.92,539.992,440.461,597.422,440.601,513.698,476.889,613.375,477.141,686.772,1592.9,692.073,1571.96,597.584,1561.48,482.532,1582.42,471.989,1571.63,550.475
000000000027,566.288,0.9755714809,461.49,0.9406904447,566.223,0.7185241622,623.856,0.9433358782,461.475,623.861,435.131,807.136,435.191,953.798,681.51,618.567,702.425,796.6,686.724,937.898,571.441,964.326,513.711,969.521,519.191,1226.13,529.596,1529.91,644.834,964.257,639.558,1226.24,608.264,1529.98,550.531,440.427,602.569,440.49,518.877,476.853,618.709,476.98,691.833,1592.83,697.046,1571.88,597.664,1566.38,487.573,1582.47,476.923,1571.64,550.504
000000000028,571.406,0.9807488502,466.575,0.9363047563,566.49,0.7535388959,623.753,0.9385114035,471.818,618.674,435.145,807.132,435.093,953.77,686.563,618.556,707.557,801.784,686.899,938.179,571.558,964.233,513.83,969.454,524.282,1226.15,529.648,1529.98,644.882,959.077,644.509,1226.08,608.238,1529.82,555.784,440.368,602.842,440.447,519.226,471.901,639.339,476.95,686.821,1592.7,692.012,1571.83,597.657,1561.27,487.667,1582.48,477.048,1571.67,550.558
000000000029,576.781,0.9842217693,461.403,0.9298488952,571.547,0.7882264624,618.676,0.9336871588,471.98,618.514,435.177,801.963,435.087,953.727,686.853,618.532,712.74,796.725,691.955,938.213,576.69,953.782,518.796,959.028,524.522,1205.35,529.722,1529.89,649.753,953.731,644.557,1220.79,608.259,1529.89,560.95,440.304,607.891,440.448,524.411,476.914,639.61,477.055,686.552,1587.62,691.874,1571.81,597.684,1561.42,487.704,1582.45,477.065,1571.64,555.582
000000000030,587.184,0.9859421412,461.363,0.9244210692,576.709,0.8115550526,618.569,0.9299890081,476.937,613.454,435.303,801.876,435.177,953.795,691.824,618.5,718.009,807.025,692.116,943.143,581.889,948.693,518.949,953.796,529.559,1194.91,529.739,1524.73,649.832,953.754,644.61,1220.91,608.251,1529.78,561.195,440.235,608.124,440.366,529.426,471.822,644.723,476.909,686.849,1587.66,691.951,1571.85,597.61,1561.26,487.796,1577.13,477.176,1566.64,550.524
000000000031,592.467,0.9850541752,456.289,0.9189772741,581.958,0.8233162654,613.48,0.9251801704,477.033,613.285,435.446,791.518,435.218,953.74,691.948,613.48,718.065,801.802,697.041,943.201,587.135,948.476,519.082,948.54,534.749,1189.69,534.757,1524.55,649.952,948.623,644.616,1215.74,608.337,1529.87,566.101,435.479,608.346,440.315,529.592,471.807,644.94,476.854,691.724,1587.66,691.963,1571.84,597.672,1561.32,482.6,1577.05,477.076,1566.49,555.665
000000000032,597.489,0.9824267644,456.129,0.9135185469,587.183,0.8233185062,613.437,0.9215167431,477.157,613.279,435.471,796.674,435.288,953.714,692.028,613.405,718.178,796.664,697.242,943.165,592.348,943.445,519.221,943.463,540.067,1189.4,534.769,1519.33,650.074,948.548,644.658,1215.58,608.261,1529.86,566.18,435.33,613.344,435.447,529.594,466.744,649.882,471.886,686.826,1592.76,691.898,1571.9,597.546,1561.25,508.499,1571.99,482.379,1566.35,555.551
000000000033,597.664,0.9772842238,445.941,0.907006483,592.255,0.8115449687,613.255,0.916673872,477.214,608.303,440.316,796.643,435.296,953.735,692.069,608.375,723.165,801.945,697.276,943.387,592.335,943.403,519.208,943.383,539.979,1189.33,534.771,1514.17,650.087,948.533,644.658,1215.77,608.289,1529.78,566.288,435.214,613.443,435.294,529.724,466.623,649.941,471.706,686.731,1592.78,691.871,1571.92,597.557,1556.19,503.329,1571.75,482.375,1561.33,555.579
000000000034,597.703,0.9720610796,445.635,0.8993595779,592.34,0.7882701594,608.298,0.9094817714,477.26,608.195,440.481,791.362,435.389,953.749,692.131,608.218,723.261,801.839,702.31,943.287,592.385,943.305,519.235,943.242,534.865,1184.35,534.826,1514.31,650.124,948.477,644.651,1210.52,608.344,1524.88,566.283,434.991,613.515,435.068,534.731,461.503,649.963,466.558,686.528,1587.57,691.715,1571.86,597.672,1556.08,498.163,1571.81,482.391,1561.43,555.663
000000000035,597.631,0.9659866225,440.599,0.8896485145,597.42,0.7591825302,608.078,0.9010400905,477.361,607.984,440.585,781.072,440.297,948.68,697.043,607.996,723.398,786.227,702.458,943.196,597.411,943.288,524.073,943.216,534.739,1184.17,529.678,1519.34,650.216,943.547,644.705,1220.85,608.309,1529.78,566.271,429.881,613.483,430.007,534.837,456.143,650.015,456.27,686.655,1582.46,691.814,1571.74,597.564,1556.2,508.595,1571.82,482.434,1561.47,550.442
000000000036,597.605,0.9590399552,440.416,0.879884359,597.445,0.7241767599,607.895,0.8914001095,477.311,607.956,440.626,781.097,440.512,953.7,697.091,602.964,728.373,786.291,707.548,943.241,597.441,943.276,524.055,943.188,529.689,1189.31,529.527,1519.37,650.285,943.545,644.694,1226.11,608.251,1529.82,566.207,424.72,613.484,424.822,534.803,445.917,650.039,450.904,686.547,1587.63,691.821,1571.84,597.507,1561.22,513.68,1577.08,482.351,1566.62,545.163
000000000037,597.505,0.9503576576,440.343,0.870062549,597.474,0.683456768,602.876,0.8805947119,477.344,602.958,440.672,780.934,440.536,953.751,697.146,602.714,728.48,780.897,707.694,943.119,597.45,943.208,524.074,938.24,529.482,1189.46,529.434,1503.77,650.29,943.473,644.755,1225.99,608.302,1524.89,566.162,419.521,613.437,424.696,534.708,440.732,649.99,445.722,686.572,1587.63,691.814,1571.84,597.527,1556.13,529.451,1571.97,498.062,1566.55,539.944
000000000038,592.346,0.9399443736,435.446,0.8559550128,597.449,0.6422852405,602.774,0.8697375743,477.301,602.918,440.649,781.009,440.495,959.034,697.16,602.572,728.588,780.914,712.825,938.313,597.454,943.227,524.039,938.242,524.563,1189.46,524.336,1503.75,655.141,943.491,644.776,1220.86,608.225,1524.92,565.979,414.312,613.328,419.477,529.734,440.599,649.941,445.652,686.643,1587.68,691.814,1571.87,592.443,1556.13,539.989,1571.97,508.562,1566.64,529.489
000000000039,587.154,0.9286739718,435.231,0.8396389745,592.368,0.5954219,602.594,0.854129548,477.186,602.697,440.633,780.848,440.492,959.069,697.058,597.572,728.604,780.934,712.835,938.223,597.532,943.265,524.044,943.167,524.542,1189.49,524.085,1508.97,655.261,943.526,644.771,1231.15,608.231,1529.88,561.093,409.061,608.236,409.058,529.475,440.318,644.936,440.43,686.637,1592.81,691.881,1571.93,592.448,1561.25,519.16,1566.78,487.542,1556.17,524.465
000000000040,581.83,0.9182087765,435.114,0.8222737473,587.206,0.5367547703,597.657,0.8373119536,476.998,597.707,440.475,780.966,440.412,969.45,697.066,592.409,728.626,775.937,712.949,938.134,597.434,943.253,519.174,943.139,524.566,1189.3,524.084,1503.79,655.218,943.54,644.82,1231.11,608.159,1530.01,560.889,403.928,608.027,403.853,524.497,435.395,644.773,435.383,691.749,1592.89,692.026,1571.9,592.305,1566.39,529.647,1577.03,492.898,1566.5,524.344
000000000041,576.625,0.9077845463,429.968,0.8038242821,581.96,0.4723028313,597.549,0.8192891603,476.87,597.64,440.325,781.056,440.331,974.573,692.179,587.192,728.54,775.715,718.018,937.846,592.418,943.265,519.101,943.183,524.507,1189.61,524.063,1524.57,655.139,943.502,644.802,1231.4,608.229,1530.15,560.731,398.73,603.092,398.707,524.117,435.16,644.517,435.041,691.728,1592.87,692.031,1571.9,592.439,1566.61,529.537,1577.06,498.06,1566.6,524.333
000000000042,566.482,0.8973511944,424.729,0.7821262511,576.675,0.4134508297,592.377,0.8011746147,471.715,597.456,435.445,775.95,435.479,974.613,692.069,576.799,728.556,770.677,718.043,932.788,592.296,938.247,518.943,938.142,524.427,1189.56,524.285,1519.54,650.293,943.373,644.692,1231.1,608.186,1530.04,555.525,398.386,602.764,398.385,519.049,429.826,639.483,424.785,691.822,1592.81,692.128,1571.88,592.414,1566.47,519.196,1582.4,482.524,1571.69,529.641
000000000043,566.171,0.8877520727,409.069,0.7593539369,571.482,0.3548318786,581.979,0.7830563898,461.458,592.302,435.374,775.783,435.246,969.48,691.848,571.431,728.578,770.51,712.927,932.655,587.096,938.038,518.776,937.94,524.378,1189.34,524.248,1524.76,650.219,943.142,644.575,1226.22,608.19,1530.08,545.168,393.316,597.647,393.332,513.857,424.729,629.052,419.499,691.877,1592.76,692.177,1571.88,597.411,1566.56,508.63,1582.42,477.235,1571.81,534.716
000000000044,561.077,0.8773270133,398.81,0.7387579794,566.379,0.3018139853,571.588,0.7637681493,450.991,581.953,435.255,775.602,434.948,969.57,691.696,566.258,728.565,765.292,718.047,922.421,581.893,932.79,513.802,927.637,524.319,1168.49,524.165,1530.02,650.115,937.966,644.582,1231.18,608.114,1529.98,529.608,388.042,592.229,387.967,508.469,414.304,613.541,403.98,691.866,1592.82,692.066,1571.96,592.434,1561.46,487.599,1587.65,471.755,1571.85,534.761
000000000045,555.746,0.8668929979,393.518,0.7201927903,566.177,0.2490134564,566.157,0.744452774,445.626,571.576,435.074,770.437,429.927,953.734,686.665,560.796,728.406,749.535,718.062,912.002,576.621,927.486,508.562,917.204,524.147,1158.06,524.236,1535.2,650.005,932.748,644.583,1231.24,608.051,1524.93,524.257,372.448,576.656,367.294,492.976,403.851,608.363,398.731,686.726,1592.77,691.897,1571.92,592.435,1561.19,482.489,1598.06,466.727,1572.12,534.91
000000000046,545.255,0.8573429682,393.057,0.7005740571,561.102,0.1962745515,560.906,0.7251488964,440.386,566.241,429.909,759.93,419.485,943.429,686.482,555.505,723.39,739.212,718.084,901.696,571.502,911.997,498.13,906.777,519.272,1168.49,524.223,1540.4,649.937,922.384,644.537,1210.49,608.005,1524.58,519.022,356.939,566.339,356.727,482.54,393.404,608.022,388.112,686.534,1592.76,691.834,1571.89,597.43,1545.76,482.373,1603.35,466.658,1582.28,539.953
000000000047,534.718,0.8495285687,372.319,0.677812942,560.728,0.1490974891,555.662,0.7058611158,435.227,561.103,419.546,754.781,414.235,938.091,681.329,534.723,723.196,728.683,712.885,896.059,571.33,906.739,492.945,906.584,519.074,1163.29,524.266,1540.39,649.831,911.935,644.693,1220.78,608.02,1514.19,513.862,351.474,566.009,351.427,477.265,387.961,602.848,382.81,681.363,1592.73,691.786,1571.92,597.467,1535.22,482.482,1608.29,471.747,1582.43,540.047
000000000048,524.391,0.8434497994,356.773,0.6572412492,555.623,0.1022744843,534.9,0.6866165669,435.008,555.564,403.902,739.051,403.983,932.726,665.769,524.451,718.024,723.394,712.801,890.844,566.438,901.587,492.813,901.584,518.905,1173.78,524.233,1545.62,649.82,906.579,644.664,1210.45,607.851,1488.33,498.19,346.134,560.74,335.771,477.005,377.62,602.577,361.949,676.134,1582.49,686.722,1566.83,587.197,1524.54,482.465,1608.61,471.719,1592.84,540.087
000000000049,524.054,0.8390753146,351.499,0.6388015314,540.007,0.06111864293,529.46,0.6721019808,419.617,545.276,398.845,733.726,403.862,917.115,660.484,519.198,712.74,717.963,707.658,875.263,566.416,901.444,487.741,901.525,513.913,1168.47,524.302,1540.55,649.877,901.405,644.952,1194.72,603.069,1483.02,487.716,325.346,555.594,320.107,471.704,361.997,592.297,356.579,670.891,1577.22,686.709,1566.5,592.254,1503.84,482.42,1608.59,471.735,1592.79,545.307
000000000050,518.977,0.8347558923,346.154,0.6214010477,529.682,0.03742591119,519.282,0.6564518725,409.155,529.58,398.475,733.578,398.751,901.557,655.235,513.759,702.441,702.396,707.539,859.675,566.32,896.122,487.604,896.273,513.766,1158.08,524.297,1535.32,649.847,896.025,650.101,1189.54,602.96,1467.17,482.518,315.055,545.143,314.742,451.102,356.558,576.602,346.152,676.266,1572.09,691.719,1561.24,576.681,1487.9,487.627,1608.55,471.934,1592.79,545.251
000000000051,513.717,0.8313065241,325.344,0.6040082376,529.434,0.02530391816,518.775,0.6407265686,403.899,519.183,393.376,718.123,398.483,896.021,650.236,503.426,697.292,691.964,702.369,854.356,566.133,896.026,482.517,896.189,508.446,1163.41,524.246,1530.09,644.987,890.93,655.279,1189.34,603.03,1456.57,482.181,309.652,534.755,309.437,445.88,351.222,571.551,335.703,686.422,1566.58,691.834,1535.34,576.688,1482.66,503.39,1608.26,477.077,1582.47,540.068
000000000052,508.604,0.8295737133,314.925,0.5887575646,524.357,0.01342057792,513.587,0.6227858697,398.592,513.895,393.038,702.455,393.581,864.823,650.022,492.842,692.217,686.67,697.36,849.058,566.007,885.665,482.365,890.84,498.156,1173.85,524.206,1530.03,644.931,880.389,655.384,1179.03,607.857,1451.54,477.253,304.218,529.63,298.987,445.627,340.984,571.349,325.163,686.84,1566.56,692.107,1535.3,576.766,1477.67,498.187,1603.31,477.024,1582.36,540.044
000000000053,503.313,0.8295451869,309.759,0.5724550066,524.163,0.007385911642,498.101,0.6059388409,393.539,508.6,382.834,691.914,393.473,849.099,649.861,487.587,692.046,681.505,697.296,833.364,561.171,885.654,482.309,890.875,492.936,1173.83,524.086,1535.15,644.819,875.243,660.402,1157.99,607.988,1461.93,477.071,288.662,524.589,283.337,440.708,320.223,566.362,315.055,692.025,1566.58,697.298,1535.34,587.068,1487.86,498.095,1603.19,476.937,1582.32,539.938
000000000054,498.165,0.8304295042,309.292,0.5561032971,519.254,0.001744518269,487.592,0.5914580583,393.382,492.897,372.367,686.607,393.428,827.992,644.968,482.389,691.853,676.223,697.152,822.951,561.018,870.071,477.355,885.597,498.075,1168.65,519.277,1529.99,644.668,864.672,660.553,1147.78,608.382,1482.69,476.984,278.01,524.47,273.012,440.563,314.768,566.286,314.542,712.804,1571.91,723.239,1556.18,597.456,1498.63,503.38,1603.3,477.002,1587.49,529.719
000000000055,498.164,0.8330205937,298.92,0.5387741558,519.107,0.001738916091,482.211,0.5782250164,393.25,482.58,362.109,670.962,393.446,807.224,644.772,477.234,691.723,670.923,697.036,822.769,560.872,864.882,477.239,875.293,487.792,1189.54,519.234,1529.84,644.545,859.557,660.4,1147.43,618.691,1487.91,477.023,267.857,524.38,267.748,440.375,309.357,566.147,304.13,728.328,1577.08,728.711,1566.33,602.651,1519.49,508.479,1603.19,476.951,1582.44,534.692
000000000056,498.138,0.8364790837,283.307,0.5224778196,518.996,0.007537170452,477.03,0.5650062318,393.119,477.329,361.834,660.505,393.534,786.1,644.747,471.974,686.841,665.751,692.136,817.768,560.685,864.69,477.05,875.143,487.741,1184.12,519.264,1530.09,639.511,854.404,655.216,1142.36,629.075,1509.07,476.926,267.52,524.383,267.446,435.429,304.18,566.097,293.84,733.861,1592.74,738.986,1571.74,602.863,1535.32,508.484,1598.13,477.03,1582.42,534.75
000000000057,498.066,0.8407877257,273.126,0.5051078224,518.938,0.01361665416,471.974,0.5493568134,388.083,476.996,356.868,649.918,393.419,770.58,644.801,466.709,686.746,655.394,692.002,817.453,560.634,854.405,477.009,859.689,487.718,1178.96,524.112,1535.2,639.414,849.02,649.969,1116.36,639.626,1524.57,476.849,262.292,524.411,262.193,435.481,293.816,566.102,283.458,744.362,1598.06,749.598,1572.02,608.121,1561.2,487.594,1608.28,471.77,1587.61,545.146
000000000058,498.015,0.8451491083,267.86,0.487661298,518.891,0.01992246585,471.781,0.5324918481,382.944,476.878,356.768,644.983,393.487,770.367,644.886,456.25,686.702,655.166,691.983,812.437,560.706,854.228,477.092,859.518,487.702,1178.96,524.145,1530.16,639.47,843.828,644.908,1126.56,644.734,1529.81,476.844,246.673,524.436,241.552,440.258,283.304,566.109,278.23,739.153,1603.19,749.598,1572.11,613.232,1566.79,498.182,1603.3,476.911,1587.56,545.181
000000000059,498.01,0.8503989545,267.597,0.4691676587,518.861,0.03196602839,461.403,0.5144074267,382.904,466.689,356.649,644.712,393.417,754.716,644.921,445.895,686.73,649.929,691.952,812.232,555.596,849.021,471.972,854.313,487.677,1173.72,524.213,1530.13,634.235,838.584,644.796,1121.39,649.815,1530,472.014,236.191,524.453,236.153,435.436,272.94,566.121,272.988,739.175,1603.26,754.839,1577.26,618.642,1571.91,492.873,1603.3,471.913,1587.48,550.443
000000000060,498.179,0.8573671824,262.289,0.4453173283,518.863,0.05554895743,450.898,0.4951483905,382.892,456.249,356.588,644.557,393.551,744.218,644.954,445.618,686.837,644.965,691.949,812.085,555.503,849.021,471.851,854.277,487.756,1168.52,524.196,1530.07,629.137,838.62,644.611,1121.5,649.95,1529.88,476.933,230.89,524.53,230.859,435.366,272.632,566.186,272.767,733.712,1592.87,754.679,1572.06,623.827,1571.97,492.911,1608.32,471.967,1592.71,550.439
000000000061,503.269,0.8651819136,251.808,0.4214020847,518.828,0.07920135349,440.757,0.474666219,382.826,450.909,356.618,639.548,398.363,739.169,644.931,440.468,691.666,644.843,691.909,807.174,550.456,848.909,471.747,854.162,487.69,1168.63,524.246,1540.4,629.02,838.536,644.497,1121.54,644.963,1529.8,477.022,225.767,524.59,225.836,435.374,267.437,566.212,267.544,728.709,1587.67,744.343,1571.86,618.656,1571.92,487.651,1608.37,471.853,1592.74,550.493
000000000062,508.432,0.8738567479,236.317,0.3974837302,518.971,0.1146530571,440.325,0.4541228792,382.933,440.752,356.627,639.444,398.402,744.223,649.839,435.274,691.725,639.596,691.911,807.026,550.452,843.695,471.727,849.051,487.598,1173.78,524.311,1540.48,629.1,828.171,639.611,1116.25,644.659,1514.2,477.036,220.589,529.617,220.535,435.457,257.225,566.432,257.068,686.681,1577,723.386,1566.5,613.481,1556.1,482.221,1608.55,466.695,1592.83,555.543
000000000063,508.645,0.8825426942,230.914,0.3714288381,519.128,0.1613472118,435.129,0.4312907884,388.022,440.271,356.685,629.05,398.352,749.601,649.994,430.019,691.891,639.309,692.003,801.981,555.522,833.281,471.872,843.734,482.675,1163.32,524.23,1535.31,634.306,822.886,634.357,1111.1,639.343,1509.01,477.234,210.058,534.747,209.997,440.489,246.657,571.399,241.563,608.057,1577.15,655.306,1571.98,613.503,1550.9,482.335,1608.45,471.759,1587.63,550.361
000000000064,513.788,0.891219187,225.734,0.3453310161,519.249,0.2081679757,430.046,0.4048297637,388.048,435.115,356.726,618.609,393.487,765.05,650.192,424.761,691.972,623.903,692.165,791.396,555.619,823,471.87,833.364,487.59,1168.55,524.245,1545.69,639.453,817.755,628.956,1110.98,628.977,1524.7,482.138,194.359,545.211,194.297,440.717,231.071,576.688,231.137,655.287,1582.44,697.161,1571.78,608.095,1561.43,477.268,1608.52,466.75,1592.76,545.313
000000000065,519.017,0.89905863,220.342,0.3170736776,524.282,0.2550940606,424.727,0.3782776763,388.2,429.901,356.778,613.418,393.417,765.251,655.393,414.366,692.09,618.623,697.078,781.095,555.638,822.923,471.878,833.352,487.598,1179.04,524.342,1550.91,639.446,817.622,623.881,1110.89,618.57,1530.03,482.54,188.99,550.558,188.993,440.789,225.838,587.151,225.931,681.371,1603.14,712.851,1577.16,602.941,1571.85,466.605,1608.57,445.883,1587.54,550.505
000000000066,524.117,0.9060441064,199.552,0.2856143116,524.422,0.3019103427,408.976,0.3505919065,393.142,409.12,356.86,608.346,393.333,770.681,665.758,403.879,697.323,613.23,697.302,775.95,555.67,817.692,471.809,828.023,487.752,1158.25,524.509,1540.54,639.603,812.363,628.939,1105.8,618.507,1535.28,487.71,183.622,555.794,183.705,445.956,220.36,597.507,220.564,623.817,1613.78,686.667,1608.31,607.873,1571.93,461.471,1608.45,450.944,1582.36,555.708
000000000067,524.363,0.9121907087,189.002,0.256338478,524.566,0.3485731252,398.634,0.3217080664,393.238,398.778,361.903,603.076,393.156,775.811,676.204,398.566,707.609,602.997,712.786,770.595,560.663,812.406,476.878,817.76,498.066,1158.19,524.589,1540.41,644.548,806.991,634.345,1100.51,613.518,1535.3,492.834,168.081,560.89,162.887,461.356,209.929,602.729,204.766,676.107,1613.89,697.192,1608.29,602.605,1572.1,471.85,1608.49,456.151,1582.4,555.544
000000000068,529.669,0.9190871232,178.687,0.228100966,529.64,0.3952527143,393.138,0.2927934122,393.37,393.345,361.944,602.828,393.076,775.969,681.493,393.068,723.11,602.607,723.201,760.031,560.984,807,477.136,812.435,498.142,1158.04,524.522,1535.22,644.876,786.268,639.527,1079.58,618.506,1550.86,508.54,147.262,566.209,147.337,466.694,188.981,607.905,194.217,697.15,1639.96,712.91,1613.92,602.594,1592.75,477.067,1613.57,456.202,1592.8,550.487
000000000069,540.025,0.831241013,152.595,0.1910429672,539.909,0.4363256434,377.652,0.2639091122,393.462,382.797,362.037,597.573,387.93,775.901,686.692,367.287,728.269,581.861,728.431,744.313,561.133,791.337,477.188,806.985,508.478,1147.76,524.302,1530.06,649.826,775.838,644.53,1084.74,613.306,1535.36,513.817,141.609,566.49,141.758,471.849,183.582,608.187,183.867,702.293,1645.02,707.641,1613.94,597.398,1577.13,482.29,1613.65,466.544,1597.93,545.249
000000000070,545.298,0.8355610987,146.974,0.1621800482,539.973,0.4658782535,361.828,0.2361865494,393.525,362,367.134,592.433,382.877,775.977,691.709,356.84,728.74,571.489,733.669,734.036,566.103,781.002,477.289,791.485,508.621,1147.69,519.255,1519.37,650.072,775.641,644.496,1095.16,613.323,1535.32,518.903,115.746,576.647,120.924,477.119,157.728,613.274,173.223,691.956,1640.04,707.539,1613.96,597.471,1572.06,492.871,1613.87,471.781,1603.23,534.762
000000000071,555.574,0.8389988573,136.478,0.1344915405,550.469,0.4954387066,351.421,0.2085256148,398.501,356.51,367.195,576.795,377.602,780.921,691.955,351.173,733.794,560.823,734.054,728.436,566.272,775.604,477.281,775.846,508.486,1142.38,519.143,1498.49,655.177,770.406,644.954,1100.31,613.31,1530.18,519.245,105.049,581.941,105.177,477.347,142.157,613.501,147.184,686.747,1645.03,697.287,1613.94,592.436,1571.78,503.259,1613.77,471.894,1603.16,529.617
000000000072,560.804,0.8398987646,110.685,0.1089840558,560.646,0.5132256221,341.036,0.1808495031,398.661,346.235,372.437,566.122,372.396,775.851,702.307,325.301,738.978,545.217,744.335,718.153,566.434,765.2,482.189,770.403,503.222,1137.01,519.076,1482.71,655.454,759.966,649.907,1100.29,613.316,1540.49,524.114,94.7664,592.404,94.8465,477.395,136.742,629.074,141.705,697.232,1645.17,707.709,1619.05,587.089,1582.32,503.349,1608.59,466.731,1592.74,529.515
000000000073,560.96,0.8398770381,105.075,0.0888285751,560.916,0.5195616856,320.059,0.1543335188,398.782,330.512,377.629,560.897,367.118,775.52,712.768,314.888,759.856,529.723,759.864,712.9,571.528,749.461,482.273,754.732,498.111,1116.36,519.112,1461.82,670.893,744.205,650.148,1084.75,613.3,1540.54,524.266,68.7477,597.651,73.7896,482.324,115.663,639.467,120.99,702.353,1645.27,712.905,1619.11,587.076,1582.33,487.55,1603.12,450.884,1572.01,529.706
000000000074,561.056,0.8390240666,89.4822,0.06983925157,561.131,0.5254787061,314.58,0.1314085258,403.871,319.943,377.647,555.68,367.15,770.664,718.084,309.444,765.093,524.089,765.331,697.211,576.758,739.131,482.543,744.247,492.999,1105.81,519.081,1451.35,681.229,739.037,655.321,1089.95,613.444,1540.47,524.363,58.4172,597.715,58.3781,482.466,100.22,639.559,105.168,707.58,1645.23,718.063,1619.05,587.182,1582.35,482.303,1582.42,445.779,1566.67,534.674
000000000075,561.136,0.8381410761,68.6506,0.05408999092,566.066,0.530954275,304.331,0.1061421219,403.942,314.554,382.861,545.286,361.965,770.442,723.254,288.525,765.321,513.695,770.594,691.763,587.076,733.827,487.57,733.9,492.883,1089.97,519.085,1451.52,681.482,733.785,660.591,1105.79,613.521,1545.67,524.422,52.9355,602.565,52.8804,482.579,94.6993,644.706,94.768,712.885,1650.22,723.277,1624.17,592.234,1587.57,471.905,1582.48,440.305,1566.64,534.781
000000000076,561.178,,58.3892,,566.069,,283.37,,409.048,304.276,387.923,534.786,361.977,770.186,723.356,272.922,770.37,492.844,770.698,686.734,587.219,728.569,487.675,728.589,498.042,1069.01,519.227,1461.91,686.48,728.592,670.865,1105.81,613.442,1556.05,0,0,0,0,482.436,68.8115,644.754,73.8577,723.183,1650.19,723.353,1624.16,592.294,1597.97,451.072,1592.75,435.013,1566.74,540.052
000000000077,565.945,,52.8458,,566.228,,272.894,,414.209,293.755,388.024,529.49,361.972,765.236,723.411,267.342,770.442,482.524,775.584,686.359,592.342,712.812,487.772,712.789,493,1053.36,519.065,1482.95,686.514,712.873,670.89,1105.6,618.538,1550.93,529.453,13.4267,602.652,13.4221,482.574,63.2737,644.661,63.5295,723.16,1650.18,723.358,1619.17,592.411,1592.75,445.819,1608.45,430.016,1577.14,534.837
000000000078,0,,0,,566.298,,267.53,,414.236,278.046,388.114,524.269,361.981,759.946,728.502,246.695,775.483,477.131,775.761,676.177,592.355,702.362,487.614,697.215,498.115,1032.4,518.807,1508.98,686.596,707.537,676.155,1095.29,613.352,1545.75,524.545,13.4686,602.593,13.468,482.279,52.8148,644.706,47.57,712.89,1650.26,723.268,1624.17,581.967,1577.06,440.512,1614,419.434,1598.05,529.453
000000000079,566.073,,13.4232,,566.285,,257.096,,409.152,267.802,388.17,519.09,361.97,754.836,728.546,231.107,775.668,461.385,775.989,660.517,597.404,697.187,487.639,692.097,503.256,1022.08,513.674,1535.23,686.768,702.325,676.255,1105.46,613.344,1556.15,524.505,13.5077,602.706,13.4977,0,0,0,0,712.876,1650.2,723.289,1619.16,587.189,1587.67,403.813,1629.49,398.491,1608.57,524.581
000000000080,566.026,,13.465,,566.356,,241.54,,414.22,267.509,388.141,518.762,361.922,749.533,728.634,230.847,775.814,456.123,781.008,655.283,592.447,691.888,487.598,686.778,503.383,1021.64,513.625,1556.08,686.74,692.019,681.232,1105.46,613.305,1566.47,524.364,13.5215,597.673,13.5238,0,0,644.903,10.8903,723.211,1650.17,723.417,1624.15,592.288,1608.3,393.494,1634.63,393.216,1613.59,524.49
000000000081,561,,13.4855,,566.344,,231.067,,409.002,257.159,388.098,508.656,361.917,749.479,728.672,225.464,775.975,445.884,786.085,650.094,597.431,686.79,487.614,686.6,508.623,1021.91,508.645,1561.32,686.843,691.867,681.259,1100.43,613.292,1566.61,519.234,13.5354,592.338,13.5392,482.11,13.43,644.784,13.451,723.393,1650.31,728.435,1629.38,592.233,1608.48,398.716,1639.93,393.32,1613.73,524.535
000000000082,560.673,,13.4989,,566.301,,225.727,,403.811,236.355,387.887,492.916,361.924,739.15,733.678,204.801,780.987,440.369,791.379,644.961,597.472,681.292,487.573,676.127,508.617,1021.93,513.607,1561.45,691.7,681.415,681.278,1100.33,608.33,1566.45,513.818,13.5473,581.841,13.5443,477.01,13.4541,644.75,13.484,723.418,1650.35,728.37,1629.39,587.132,1608.35,409.058,1624.28,398.513,1608.36,529.435
000000000083,555.817,,13.5119,,566.197,,220.366,,398.777,230.976,382.732,487.728,356.943,739.084,733.623,189.321,786.121,435.413,791.434,644.768,597.475,670.983,487.57,665.716,508.504,1021.91,508.501,1550.96,691.697,676.183,681.275,1084.8,608.344,1561.41,513.902,13.5553,576.692,13.5486,477.034,13.4703,644.621,13.4847,728.402,1650.19,728.434,1619.14,581.825,1603.2,398.748,1619.01,393.405,1608.4,524.346
000000000084,555.732,,13.5421,,566.018,,204.705,,398.613,225.694,372.494,482.253,356.777,733.706,728.708,188.857,786.119,429.882,796.7,639.505,597.588,670.869,487.612,660.501,503.35,1021.83,508.46,1540.49,691.813,671.012,676.241,1079.49,608.247,1561.35,503.437,13.5697,576.689,13.5622,471.854,13.4902,644.613,13.5142,728.358,1650.22,723.364,1619.17,576.643,1592.82,445.745,1650.39,424.815,1624.16,524.521