Frame Number,x0,y0,x1,y1,x2,y2,x3,y3,x4,y4,x5,y5,x6,y6,x7,y7,x8,y8,x9,y9,x10,y10,x11,y11,x12,y12,x13,y13,x14,y14,x15,y15,x16,y16,x17,y17,x18,y18,x19,y19,x20,y20,y21,x22,y22,x23,y23,x24,y24
000000000000,0,0,443.775,366.594,448.785,209.764,655.51,187.319,894.577,125.038,436.32,498.55,550.899,528.523,0,0,862.194,354.136,857.206,423.871,0,0,0,0,864.639,289.418,1046.52,224.655,0,0,0,0,0,0,0,0,0,0,0,0,0,0,0,0,0,0,0,0,0
000000000001,0,0,443.825,364.118,463.731,219.662,670.417,189.814,902.033,127.418,448.784,488.674,570.767,526.059,0,0,0,0,0,0,0,0,0,0,0,0,0,0,0,0,0,0,0,0,0,0,421.329,456.242,0,0,0,0,0,0,0,0,0,0,0
000000000002,0,0,463.742,369.078,471.202,232.149,677.883,194.737,907.08,127.565,461.243,488.611,585.738,526.038,0,0,872.145,366.582,869.647,418.899,1036.52,461.198,0,0,869.645,306.846,1038.98,229.632,1265.68,274.442,0,0,0,0,0,0,441.294,458.702,0,0,0,0,0,0,0,0,0,0,0
000000000003,0,0,478.618,366.51,486.088,232.084,685.383,197.25,911.988,129.942,468.73,473.677,590.779,523.451,0,0,867.156,349.175,869.648,406.406,1026.54,446.24,0,0,867.16,286.928,1026.61,224.622,1283.05,281.946,0,0,0,0,0,0,0,0,0,0,0,0,1290.56,289.448,0,0,0,0,0
000000000004,0,0,483.657,369.157,488.668,247.03,0,0,0,0,486.136,488.557,0,0,0,0,892.059,359.133,907.01,416.396,1021.49,438.816,0,0,884.559,289.361,1021.58,232.11,0,0,0,0,0,0,0,0,0,0,0,0,0,0,0,0,0,0,0,0,0
000000000005,346.742,431.348,488.604,369.024,503.536,491.117,705.17,513.51,847.253,513.559,486.104,249.546,0,0,0,0,864.675,331.74,874.652,349.142,1001.6,234.588,1220.82,289.47,849.748,286.882,1004.08,212.178,0,0,329.337,428.885,329.264,421.367,0,0,334.203,374.061,0,0,0,0,0,0,0,0,0,0,0
000000000006,359.087,428.972,493.62,351.696,503.547,486.051,707.787,513.539,852.276,526.01,491.161,247.055,695.351,202.246,904.523,144.855,867.16,324.271,882.078,366.605,1255.67,388.984,1586.91,374.027,854.717,266.978,1205.91,289.389,1504.71,324.208,339.222,433.856,344.128,423.846,0,0,341.692,366.605,1544.52,289.352,1537.06,286.921,1524.64,326.719,0,0,0,0,0
000000000007,0,0,496.078,354.16,508.52,478.614,705.361,513.567,864.633,533.425,503.505,244.566,707.755,204.658,889.656,149.832,882.104,339.172,889.577,391.473,1039,406.413,0,0,857.194,269.455,1188.41,289.49,1469.85,316.772,0,0,369.072,339.214,0,0,361.545,309.396,1527.14,291.921,1524.63,289.445,1509.68,334.22,0,0,0,0,0
000000000008,381.515,428.794,503.538,349.2,508.619,471.209,700.342,511.05,862.165,545.827,508.49,247.065,710.285,207.127,887.096,152.511,867.135,319.282,874.639,369.064,1208.36,406.372,1464.84,391.516,857.187,269.459,1195.86,304.299,1509.71,314.296,359.129,433.864,359.123,423.899,0,0,366.622,316.816,1539.56,286.872,1537.08,289.356,1519.63,324.243,0,0,0,0,1482.28
000000000009,393.957,364.062,508.531,354.111,511.111,471.219,700.291,511.134,864.615,550.95,508.639,249.49,710.299,207.289,879.579,169.744,854.729,329.266,864.639,389.037,1190.92,411.427,1462.35,391.471,847.231,269.446,1183.4,304.257,1509.68,314.328,376.547,393.978,376.532,351.695,396.463,421.369,371.601,314.329,0,0,0,0,0,0,0,0,0,0,0
000000000010,371.635,441.265,511.041,361.593,521.026,478.666,695.292,511.079,864.551,558.346,516.002,249.618,707.867,207.222,867.224,177.322,842.234,331.728,844.744,391.509,1021.53,408.895,0,0,827.343,267.023,1193.43,304.24,1517.13,321.786,369.084,433.861,361.628,426.26,0,0,356.612,391.499,0,0,0,0,1524.56,326.687,0,0,0,0,0
000000000011,388.962,446.168,511.057,354.109,523.409,468.734,692.829,510.999,859.675,563.318,521.019,249.568,717.694,207.318,867.179,189.84,837.252,346.624,847.247,398.96,1006.64,416.383,0,0,827.315,289.405,1183.38,306.796,0,0,0,0,386.466,428.851,0,0,393.99,401.425,0,0,0,0,0,0,0,0,0,0,0
000000000012,391.562,446.272,521.016,354.155,526.069,466.129,692.811,508.504,859.673,563.378,525.995,254.527,717.745,209.676,854.749,194.795,844.783,351.616,844.722,406.494,1006.66,426.371,0,0,837.272,289.406,1176,309.241,1502.15,329.145,0,0,386.463,431.323,0,0,386.543,398.977,0,0,0,0,1509.68,331.754,0,0,0,0,0
000000000013,408.99,446.3,528.503,364.02,530.98,463.637,700.278,506.041,862.136,565.794,533.468,264.52,725.229,214.679,844.723,209.712,852.225,356.604,859.696,408.901,1021.56,426.393,1387.65,428.797,847.257,301.804,1166.02,309.25,1497.26,326.668,0,0,403.879,431.425,0,0,398.944,403.896,0,0,0,0,1512.2,329.295,0,0,0,0,1407.6
000000000014,0,0,543.374,366.619,535.929,433.849,705.359,506.116,867.11,565.805,548.359,269.448,725.223,224.654,832.308,222.164,864.714,364.098,872.173,413.885,1006.57,426.39,0,0,854.741,314.303,1170.99,311.821,1494.72,326.728,0,0,0,0,0,0,0,0,0,0,0,0,0,0,0,0,0,0,0
000000000015,433.809,451.225,553.332,368.994,550.935,458.704,705.326,503.521,867.13,563.291,560.812,272.045,730.276,229.62,832.359,229.641,884.634,371.554,884.584,421.401,1011.65,433.883,0,0,882.083,319.268,1166,319.29,1492.25,321.788,0,0,426.303,446.143,0,0,428.812,406.471,0,0,0,0,0,0,0,0,0,0,0
000000000016,448.805,448.691,565.704,369.085,565.768,466.129,720.222,503.566,877.13,563.251,568.244,284.407,635.576,252.127,0,0,884.611,371.554,884.572,421.404,1143.63,428.912,1312.95,428.794,882.089,319.254,1158.54,324.29,0,0,0,0,443.749,438.795,0,0,438.844,406.479,0,0,0,0,0,0,1362.85,426.399,1362.66,431.363,1342.87
000000000017,451.287,453.805,568.429,374.118,578.271,289.453,747.617,247.032,842.285,249.473,565.843,463.645,727.659,506.037,882.067,555.887,882.072,386.529,887.073,428.836,1006.58,441.271,0,0,872.161,344.194,1153.58,329.151,1444.94,326.77,0,0,446.238,446.306,0,0,448.801,413.9,0,0,0,0,0,0,0,0,0,0,0
000000000018,458.714,463.648,583.188,384.049,585.68,301.841,742.628,259.509,844.766,249.668,568.408,461.207,730.214,505.95,882.054,550.967,894.54,391.491,899.555,438.831,1121.14,433.809,1325.43,426.417,889.588,339.208,1156,334.19,1367.73,329.253,0,0,448.774,448.76,0,0,451.319,418.896,0,0,0,0,0,0,1375.23,423.897,0,0,1357.78
000000000019,466.233,458.76,585.795,388.964,588.326,309.236,747.563,267.003,844.817,259.479,570.895,468.697,742.671,506.039,884.556,548.464,882.096,403.898,882.103,446.301,1128.66,443.73,1325.42,428.794,877.116,349.13,1143.69,339.215,1387.67,329.234,0,0,0,0,0,0,528.515,426.421,0,0,0,0,1390.14,331.753,1382.65,408.895,1380.17,413.906,1350.3
000000000020,483.605,463.731,588.196,396.469,585.762,481.152,745.167,506.087,887.109,548.307,588.195,311.829,745.069,274.446,847.315,266.98,887.066,408.933,882.117,453.745,1121.2,443.73,1325.4,428.77,882.13,361.628,1141.08,346.596,1335.39,329.306,0,0,0,0,0,0,0,0,0,0,0,0,1342.82,329.289,0,0,0,0,1352.79
000000000021,473.643,468.737,588.339,401.493,0,0,0,0,0,0,588.201,486.158,742.64,506.073,877.109,535.939,887.06,409.01,869.655,466.113,1116.25,443.704,1317.95,426.283,887.045,361.579,1126.12,349.107,1312.93,336.724,466.118,466.202,466.128,461.19,0,0,468.691,426.421,0,0,0,0,1327.88,334.26,1390.12,418.858,1382.66,428.819,1342.84
000000000022,0,0,0,0,588.119,486.115,750.135,508.482,887.06,538.456,0,0,0,0,0,0,0,0,0,0,0,0,0,0,0,0,0,0,0,0,0,0,0,0,0,0,0,0,0,0,0,0,0,0,0,0,0,0,0
000000000023,0,0,588.281,409.016,588.36,326.784,745.014,294.33,859.715,269.554,585.698,491.064,745.126,508.473,862.178,528.531,867.208,411.444,864.675,463.707,1106.16,446.144,1332.88,423.886,867.147,366.545,1086.42,354.154,1282.99,354.198,0,0,0,0,0,0,545.925,458.737,1367.73,309.286,1367.76,309.347,1305.52,366.673,1375.18,426.39,0,0,1357.76
000000000024,0,0,590.685,408.943,593.193,329.296,742.678,301.854,854.734,271.95,585.767,493.577,735.196,511.04,0,0,859.67,408.97,864.697,451.247,1103.74,436.321,1332.84,423.908,859.66,366.526,1081.3,364.117,1288.06,366.499,0,0,0,0,0,0,545.934,453.745,1355.25,314.276,1347.84,316.804,1305.46,379.002,1382.73,411.4,1375.24,423.886,1345.26
000000000025,488.547,478.639,590.805,421.408,603.149,508.515,742.559,513.589,864.717,526.068,593.214,336.693,745.11,304.28,864.561,269.589,847.228,406.444,847.264,448.703,1103.63,433.801,1335.37,426.238,847.197,361.624,1061.39,364.062,1317.94,366.544,0,0,473.703,466.268,0,0,486.113,423.893,1425.06,361.59,0,0,1332.89,346.596,1402.65,406.475,1392.63,421.37,1357.81
000000000026,491.099,473.654,598.213,418.927,605.595,341.714,745.197,306.861,864.629,269.585,600.725,508.576,727.749,518.545,0,0,867.182,406.372,874.647,446.212,1101.27,441.265,1340.32,423.849,864.68,364.077,1063.82,366.545,1302.98,368.997,486.105,468.594,486.16,466.169,508.595,388.976,488.661,441.265,1350.35,406.32,0,0,1337.83,349.092,1382.68,411.418,1372.76,426.348,1362.72
000000000027,526.021,418.886,605.717,426.391,605.664,508.639,685.331,525.988,0,0,608.075,346.694,747.692,306.922,867.238,269.582,864.631,408.93,869.67,448.733,1098.73,433.824,1337.86,421.407,862.188,366.614,1068.85,369.039,1245.74,386.5,511.002,443.747,511.029,411.455,523.447,466.141,511.01,389.093,1375.22,413.963,0,0,0,0,1382.76,403.963,1382.59,408.99,1365.28
000000000028,540.863,423.854,608.219,428.825,608.221,508.465,747.608,525.858,819.874,518.495,615.621,349.163,752.569,309.334,877.09,272.039,854.7,408.89,857.224,448.78,1088.84,433.805,1332.87,423.871,852.248,366.502,1068.88,371.666,1235.72,386.513,525.976,438.787,526.015,411.398,528.566,466.106,525.956,389.048,1265.67,371.644,1268.12,369.159,1263.13,376.514,1367.75,431.361,0,0,1365.3
000000000029,545.845,453.726,620.643,426.404,625.604,503.576,745.088,525.901,814.879,511,623.068,349.185,747.662,311.857,882.129,276.91,867.168,408.938,869.673,448.836,1086.24,436.334,1337.84,426.234,867.122,366.505,1071.42,374.109,1225.82,391.562,526.053,463.749,528.446,441.319,558.364,471.142,528.452,398.942,1377.69,413.904,0,0,1245.71,389.025,1382.75,406.5,1382.61,413.885,1367.71
000000000030,553.385,453.731,625.636,428.817,625.551,505.93,750.113,525.835,809.858,511.045,628.167,349.188,755.057,316.801,887.065,279.427,864.649,408.919,864.683,448.788,1083.82,433.867,1345.31,426.351,862.212,366.492,1006.63,369.009,1335.37,426.267,538.398,463.638,545.835,438.845,550.89,473.642,545.913,394.015,1365.31,438.843,1362.72,446.214,1367.73,416.437,1382.72,413.95,0,0,1380.22
000000000031,560.815,408.932,628.066,426.384,628.026,493.659,742.63,521.019,809.846,508.587,635.557,349.123,765.082,321.706,887.118,286.799,862.152,406.491,864.64,446.341,1083.72,433.834,1312.95,426.44,859.718,364.062,1076.36,381.501,1223.31,394.039,548.308,426.296,548.301,398.971,550.924,458.71,548.452,384.027,1280.56,371.557,0,0,1253.17,388.995,1380.13,413.898,1367.71,428.824,1340.31
000000000032,563.339,448.858,635.514,423.803,640.513,496.116,764.987,513.53,814.847,506.003,640.532,351.682,767.471,324.219,892.103,286.95,864.672,403.954,867.182,443.769,1081.26,431.341,1302.97,428.903,864.612,361.636,1078.87,383.954,1228.29,398.987,548.337,456.232,548.411,441.256,0,0,548.483,391.48,1345.27,448.914,0,0,1253.17,389.059,1362.77,438.776,1355.3,443.816,1342.87
000000000033,565.843,448.886,638.056,418.905,642.988,488.528,745.145,508.584,824.897,503.597,640.56,349.252,765.003,326.647,887.053,289.422,864.66,403.918,867.138,441.318,1083.76,431.333,1290.52,433.861,864.676,361.643,1066.48,381.539,1223.32,401.466,550.878,453.792,550.946,443.717,585.7,466.067,560.85,393.99,1258.18,366.543,1250.72,366.614,1243.23,398.988,1362.78,441.298,0,0,1320.4
000000000034,568.424,411.411,638.074,418.904,642.965,486.167,750.169,506.023,829.863,505.942,640.502,354.189,762.568,326.647,884.542,289.515,872.116,401.422,879.598,436.322,1086.27,443.78,1273.12,446.229,869.664,361.61,1058.92,374.096,1223.33,401.456,560.8,431.347,558.391,406.474,565.883,451.306,553.355,386.449,1263.08,364.064,1255.66,364.101,1243.16,406.421,1365.21,426.349,0,0,1295.53
000000000035,578.239,441.288,638.079,411.471,643.027,346.737,765.081,326.736,889.571,289.326,642.975,359.148,767.508,326.608,884.599,289.495,867.151,396.502,869.678,431.383,1071.42,446.353,0,0,864.722,356.639,1061.36,374.117,1198.36,396.475,560.836,446.261,565.818,426.305,565.767,386.476,550.877,388.917,1245.68,366.598,0,0,0,0,0,0,0,0,0
000000000036,0,0,642.973,411.397,645.46,346.756,765.117,326.806,864.711,291.972,643.028,486.032,747.691,501.06,824.885,505.934,867.191,398.967,869.621,431.409,1068.85,446.331,1208.4,451.284,867.206,361.63,1053.98,376.594,1225.83,403.888,0,0,0,0,568.266,388.995,545.905,446.351,1250.72,366.525,1250.71,366.555,1243.18,406.471,1290.55,453.793,0,0,1223.3
000000000037,573.331,408.895,643.053,408.968,645.596,344.168,762.57,326.748,867.172,291.921,647.938,476.145,0,0,0,0,859.672,396.461,862.149,431.383,1053.97,448.672,1198.38,446.272,857.212,359.12,1049.01,381.506,1185.91,391.559,0,0,565.764,403.921,0,0,563.313,386.515,0,0,0,0,0,0,0,0,0,0,0
000000000038,570.9,406.364,643.041,413.897,645.569,483.572,765.009,491.12,867.096,503.492,645.427,349.191,764.959,324.297,872.191,291.954,869.674,398.944,869.702,436.31,1053.96,374.058,1225.77,401.453,872.166,364.056,1056.39,383.982,0,0,565.741,416.408,563.354,393.941,570.789,448.69,568.235,381.491,0,0,0,0,0,0,1255.69,364.095,1250.71,371.573,1245.66
000000000039,575.786,406.467,645.493,413.931,648.007,483.572,765.148,488.588,867.125,501.072,645.492,349.17,762.476,321.737,857.216,291.935,862.197,403.88,862.191,438.811,1041.48,446.157,1181,456.253,862.215,361.628,1051.44,383.956,1218.3,403.953,565.826,418.903,565.842,396.429,568.295,448.755,568.328,384.053,0,0,0,0,0,0,1210.89,486.069,1205.92,483.622,1203.43
000000000040,570.812,391.513,647.952,411.404,648.049,473.645,765.072,488.615,867.27,501.057,645.587,349.256,760.017,319.23,849.735,289.405,859.699,396.514,859.648,431.4,1029.12,431.354,1186.02,461.243,859.67,359.117,1046.56,379.075,1225.76,401.453,565.797,408.873,563.323,386.52,578.282,446.193,565.863,383.976,1263.09,369.095,1258.18,369.016,1238.19,406.483,1225.76,481.162,1215.84,486.137,1203.37
000000000041,580.756,403.923,647.938,409.041,647.99,473.643,765.138,488.586,867.198,503.561,645.59,349.205,760.013,314.267,847.15,289.366,864.647,401.452,862.178,436.344,1024,428.873,1193.38,463.685,864.636,364.088,1044.06,379.005,1223.29,403.867,568.339,411.377,568.245,389.116,580.769,443.796,573.28,381.505,1260.68,366.654,1255.66,366.606,1230.74,406.51,1245.72,468.714,1225.78,483.604,1205.88
000000000042,583.191,388.966,648.08,413.897,655.459,476.204,767.503,488.515,867.164,508.455,647.97,351.618,757.571,314.341,844.709,286.996,867.231,396.458,869.647,428.933,1031.58,428.802,1185.88,456.284,867.17,361.621,1043.94,381.551,1223.24,403.945,570.764,403.963,568.34,381.473,583.174,443.731,580.701,374.032,1263.2,366.621,1263.05,366.632,1233.29,408.949,1185.88,505.995,1173.5,503.479,1205.82
000000000043,580.729,389.033,655.446,413.893,665.516,478.619,767.446,486.193,867.25,506.104,647.999,354.124,755.145,321.727,847.156,286.817,877.109,394.009,874.64,428.835,1033.99,428.852,1185.94,446.365,874.634,361.581,1043.94,371.655,1223.33,403.851,570.795,403.959,568.233,386.53,588.198,436.315,575.758,381.482,1265.61,369.175,1263.09,369.116,1230.79,406.5,1203.35,493.581,1185.95,491.074,1203.3
000000000044,585.811,393.994,660.42,413.935,665.53,476.124,767.56,486.172,867.256,508.536,652.952,351.679,764.951,319.292,847.289,286.756,872.188,396.495,874.634,428.906,1029.04,428.752,1168.53,443.705,869.648,364.022,1036.52,371.597,1220.78,401.433,580.778,408.999,573.286,388.94,590.784,441.34,583.261,378.993,1265.6,379.048,1260.66,371.629,1235.73,406.453,1198.36,456.239,1183.48,458.725,1183.38
000000000045,583.269,374.033,665.53,411.432,675.409,471.247,772.557,486.079,867.283,508.493,657.94,351.637,765.085,324.231,857.246,281.958,879.582,393.989,877.12,428.771,1038.99,426.271,1185.95,436.338,874.641,361.578,1044.06,381.498,1225.73,406.346,578.261,384.034,0,0,585.782,408.882,0,0,1268.11,369.073,1265.6,369.012,1240.73,411.454,1218.33,448.818,0,0,1203.39
000000000046,600.698,401.469,665.459,416.42,675.415,471.24,767.461,483.574,864.717,506.034,662.874,364.102,777.506,326.682,864.549,284.353,879.645,394.012,879.576,428.748,1041.47,423.838,1203.32,428.937,879.58,364.081,1046.43,379.081,1218.29,406.512,590.774,443.803,588.182,403.957,605.614,456.205,588.316,388.967,1263.1,376.582,1258.18,374.045,1233.28,421.398,1255.64,386.488,1248.19,403.929,1215.82
000000000047,590.775,376.578,670.498,411.445,665.393,354.176,767.535,331.766,864.647,289.318,685.361,448.845,0,0,0,0,884.59,386.549,884.577,366.623,1044.04,386.442,1208.33,426.313,882.07,413.872,1036.49,406.439,1210.89,423.79,0,0,0,0,0,0,0,0,1260.59,371.543,1255.63,371.587,1228.31,438.821,1260.67,371.601,1253.15,389.036,1228.31
000000000048,595.724,374.041,667.964,416.392,685.257,468.685,777.487,483.55,864.697,486.049,665.447,369.176,765.139,346.555,864.717,306.787,879.594,389.063,877.1,386.542,1041.52,369.158,1200.89,426.42,0,0,0,0,0,0,588.326,386.563,0,0,600.68,413.941,0,0,0,0,0,0,0,0,1243.26,374.097,1243.2,386.561,1223.23
000000000049,593.255,364.146,660.448,406.483,665.394,366.594,767.542,349.196,867.091,309.349,665.417,446.318,767.614,349.142,0,0,874.625,393.954,884.557,371.636,1041.47,368.994,1186.02,431.391,867.231,413.881,1024.06,401.465,1178.44,428.944,585.735,371.553,0,0,593.215,408.947,0,0,1210.87,386.469,0,0,1203.3,448.824,1230.76,386.413,1230.74,393.957,1208.35
000000000050,588.306,361.586,657.977,396.495,667.929,369.192,784.924,354.188,879.65,321.796,650.542,408.889,782.484,354.187,867.238,326.734,884.637,403.952,894.548,401.441,1021.54,401.459,1168.59,431.401,872.194,411.423,1026.61,364.074,1163.51,431.393,575.825,368.983,570.813,351.612,588.253,406.483,0,0,1186.03,386.48,1183.4,386.588,1186.02,456.239,1205.88,386.471,1205.79,394.014,1190.94
000000000051,583.273,356.611,662.876,403.929,657.972,421.379,730.163,441.303,0,0,653.042,389.021,765.06,371.546,862.136,344.161,884.534,388.971,879.629,389.015,1014.12,401.424,1168.48,433.853,884.571,388.994,1021.59,349.16,1158.56,431.375,568.423,366.672,568.243,349.251,585.714,406.414,0,0,1205.93,381.495,1190.93,386.379,1183.45,466.165,1215.81,386.419,1210.88,393.992,1185.93
000000000052,578.316,349.2,650.55,403.972,657.999,413.9,0,0,0,0,648.011,386.573,0,0,0,0,904.471,391.471,901.981,389.036,1026.49,386.515,1175.98,428.804,906.984,389.042,1021.52,346.648,1156.04,426.269,565.92,361.659,565.807,344.156,578.243,393.963,0,0,1210.85,364.083,0,0,1185.97,443.821,1215.83,374.099,1208.4,386.555,1205.83
000000000053,580.743,349.223,660.48,389.114,662.929,406.425,0,0,0,0,653.022,381.549,0,0,0,0,867.122,391.53,867.129,396.451,1021.55,401.451,1165.97,411.38,869.647,386.526,1019.07,393.967,0,0,568.286,366.477,565.927,346.628,583.194,391.48,0,0,0,0,0,0,0,0,0,0,0,0,1168.53
000000000054,580.808,349.172,657.977,386.548,662.933,403.89,765.018,408.865,864.702,391.51,650.549,371.536,705.317,354.114,0,0,847.183,379.014,839.783,384.011,1009.07,331.744,1178.46,388.982,847.3,371.559,1021.48,398.986,1173.47,406.437,568.329,366.465,568.363,346.605,583.293,391.475,0,0,1180.97,433.804,1188.42,433.821,0,0,0,0,0,0,1193.43
000000000055,580.797,349.228,662.941,371.548,657.999,403.938,770.083,416.446,864.706,409.04,662.889,346.6,777.504,346.627,839.781,329.146,862.199,374.046,852.195,388.976,1006.55,334.198,1173.48,366.554,867.176,356.647,1019.08,401.438,1180.91,428.873,568.263,368.998,568.403,344.213,583.223,389.071,0,0,1203.43,426.352,0,0,1193.4,428.859,1215.84,309.403,1210.86,324.202,1190.9
000000000056,583.188,349.113,650.57,369.163,648.139,403.903,777.493,428.8,867.173,426.378,650.488,341.671,0,0,0,0,862.213,386.448,859.705,386.47,1004.22,341.715,1186.02,331.678,872.12,381.496,1011.62,398.916,1168.53,428.85,568.354,366.586,568.444,344.149,585.637,388.952,0,0,1200.88,396.496,1198.43,396.453,1188.4,436.303,1233.27,286.841,1228.31,296.84,1200.88
000000000057,585.66,346.626,662.899,366.672,650.471,401.447,757.581,428.909,849.761,446.289,668.003,331.775,770.081,326.633,844.676,289.412,859.655,384.005,849.755,398.956,1009.16,344.159,1185.87,324.219,864.657,366.558,1011.59,393.97,1168.48,428.815,568.398,364.073,575.77,334.254,585.7,386.566,0,0,1195.93,388.985,1195.92,389.09,1188.41,428.852,1233.28,284.382,1228.29,294.369,1195.89
000000000058,580.743,346.706,662.93,366.601,650.567,401.473,752.618,428.96,852.217,453.749,670.407,329.315,770.049,311.88,847.255,266.893,859.724,386.416,847.292,396.454,1004.11,349.064,1205.84,306.843,867.119,369.158,1021.52,393.992,1171.05,428.968,568.314,361.56,568.373,331.765,583.272,379.067,590.699,326.65,1195.94,391.459,1200.81,393.99,1190.9,436.314,1285.58,289.402,1273.09,306.732,1220.81
000000000059,578.289,341.656,665.458,361.628,650.596,394.007,762.527,433.796,859.688,461.23,680.42,326.676,775.025,291.953,847.321,247.038,864.677,379.037,857.175,389.039,1021.57,346.712,1205.82,304.374,867.219,366.59,1021.56,391.517,1163.5,428.955,565.89,351.662,568.329,329.202,583.226,376.585,585.866,321.76,1200.88,389.024,1200.87,389.011,1178.44,446.306,1290.52,276.947,1283.04,289.362,1223.34
000000000060,583.186,334.185,667.858,351.738,655.484,391.58,757.587,431.443,854.754,466.27,680.411,316.821,767.571,289.425,842.3,244.494,864.742,369.16,864.631,374.034,1021.59,346.599,1203.35,306.727,869.644,366.588,1016.55,388.983,1165.99,428.943,568.285,349.141,568.384,326.718,583.285,371.545,585.844,319.235,1198.43,386.588,1198.42,388.932,1180.99,446.277,1248.19,271.95,1245.73,286.946,1215.85
000000000061,573.343,331.815,667.849,349.21,657.961,393.988,757.58,431.291,854.702,466.32,680.337,309.275,767.476,284.423,844.708,229.731,884.564,364.079,874.658,371.641,1041.41,339.228,1203.39,306.765,889.57,349.113,1026.58,381.525,1161.03,428.746,565.752,349.182,565.841,326.651,580.739,371.536,585.704,311.845,1200.92,386.557,1200.84,386.528,1168.56,446.226,1263.14,271.948,1258.18,286.877,1213.37
000000000062,573.31,336.726,667.853,346.702,660.445,391.484,757.585,428.772,854.71,466.222,677.913,306.734,772.527,271.999,847.291,224.68,874.652,351.682,869.638,379.056,1026.54,331.771,1210.84,306.766,877.123,329.17,1026.49,356.603,1161.05,423.908,565.738,351.692,563.352,326.657,583.229,369.079,583.236,306.824,1178.47,403.934,1180.95,401.455,1163.5,428.83,1260.63,266.926,1255.68,276.934,1225.81
000000000063,568.424,331.774,665.463,346.655,662.909,391.467,765.071,428.758,859.644,461.262,670.405,304.352,767.648,269.547,844.84,227.013,884.579,344.146,879.601,369.064,1029.1,329.148,1205.87,304.354,887.045,311.859,1031.52,346.749,1146.04,408.928,560.864,346.769,563.284,321.754,575.777,366.593,580.778,304.244,1183.4,376.52,1183.38,376.539,1153.58,426.449,1253.19,267.04,1248.23,279.46,1220.77
000000000064,568.245,329.331,665.332,339.234,657.94,389.053,760.107,426.219,859.714,451.312,667.985,291.913,770.021,267.068,847.196,227.039,859.704,339.231,857.197,368.987,1029.09,329.158,1205.92,304.361,859.711,309.33,1041.43,309.353,1128.73,389.11,555.857,346.585,560.829,316.806,568.362,364.105,578.317,304.279,1166.1,361.603,0,0,1143.63,408.93,1250.72,266.929,1248.21,274.429,1235.72
000000000065,565.762,324.307,662.961,336.668,652.944,386.593,747.586,416.366,859.685,448.713,665.523,289.376,770.099,266.864,847.342,227.025,874.63,334.226,874.628,369.017,1034.06,324.264,1205.83,304.329,874.629,301.838,1029.02,284.447,1123.7,374.061,550.935,336.664,555.883,309.33,565.878,356.665,575.783,296.821,1151.08,354.099,1158.53,354.133,1128.66,391.552,1248.21,264.483,1245.73,271.933,1238.21
000000000066,563.359,334.207,662.949,331.773,648.083,386.408,747.727,409.028,862.163,438.794,668.025,286.897,767.595,262.008,847.307,227.139,869.656,329.254,872.171,364.122,1038.95,324.164,1200.86,306.717,867.168,294.328,1029,269.535,1128.62,361.612,548.416,346.755,550.846,319.243,568.352,361.645,568.427,291.966,1148.59,349.153,1151.03,349.306,1131.11,376.513,1255.64,269.511,1245.76,284.39,1210.82
000000000067,565.756,324.255,662.917,329.353,648.122,386.428,762.505,411.377,864.629,426.447,667.917,284.376,770.004,257.005,849.786,227.148,867.172,331.751,867.162,369.088,1046.5,326.681,1203.37,304.322,867.1,294.338,1029.02,261.955,1141.11,339.204,550.851,334.243,553.343,309.221,565.746,354.201,568.384,289.477,1138.61,349.142,1146.03,349.21,1156.03,349.095,1250.71,264.466,1248.17,274.447,1225.75
000000000068,565.757,324.254,655.488,329.263,648.03,386.404,762.576,411.372,877.111,423.781,660.484,284.33,770.072,249.665,862.147,227.204,864.689,329.188,864.707,366.525,1046.53,326.73,1205.82,304.321,864.614,289.383,1024.06,256.972,1183.46,306.833,548.466,334.264,548.498,306.862,565.747,354.107,568.266,286.985,1240.71,269.461,1243.22,269.479,1223.32,321.74,1248.21,262.022,1245.7,271.973,1238.25
000000000069,563.29,314.339,657.925,329.217,648.018,386.471,757.58,408.856,859.723,416.431,665.331,279.408,760.026,249.503,847.146,229.56,862.197,326.674,864.659,361.643,1051.49,329.196,1200.83,309.282,862.114,286.841,1024.09,247.157,1168.54,269.472,548.305,331.778,548.381,306.743,565.697,351.742,565.726,286.903,1225.76,212.229,1223.23,214.691,1180.94,279.469,1258.11,269.532,1250.68,284.407,1213.33
000000000070,558.367,311.863,650.546,326.815,647.908,386.403,747.677,406.487,847.336,411.374,655.455,276.948,762.578,249.458,847.2,227.121,864.656,324.229,864.684,361.627,1061.32,329.222,1208.38,306.794,864.614,279.422,1041.43,249.481,1180.98,249.594,545.857,329.281,545.992,304.306,555.888,351.613,565.721,286.913,1243.24,189.873,1240.67,192.325,1190.97,266.843,1248.2,271.928,1248.18,286.94,1225.82
000000000071,553.424,319.242,647.975,326.658,647.9,384.058,762.52,406.471,847.257,406.483,650.526,269.564,757.604,247.053,847.285,224.642,867.112,319.26,869.675,351.726,1063.83,329.144,1203.39,309.236,864.712,274.438,1051.42,249.563,1205.89,237.066,545.773,331.772,545.891,304.357,550.885,354.132,563.278,284.449,1260.59,187.225,1250.72,189.752,1225.81,249.618,1253.14,299.329,1245.66,306.786,1223.34
000000000072,550.931,324.25,645.579,324.208,647.926,381.564,752.636,406.323,847.323,406.3,648.077,266.967,752.587,244.511,842.296,219.649,869.654,311.762,872.174,349.121,1061.34,326.781,1198.39,309.232,867.154,269.489,1043.88,252.037,1235.74,227.196,543.399,336.668,545.788,306.735,550.896,351.656,563.237,284.308,1283.02,187.185,1282.99,187.334,1260.64,232.119,1243.12,311.861,1240.74,311.797,1220.76
000000000073,550.96,316.741,645.591,321.703,647.983,381.544,762.526,403.96,849.726,403.864,648.09,266.889,752.603,242.09,844.788,212.219,872.183,309.291,879.586,346.643,1056.47,326.703,1205.83,306.893,867.206,269.422,1051.5,252.008,1253.17,232.116,545.836,329.349,543.454,304.244,558.379,346.691,560.814,281.886,1295.52,187.295,1295.52,189.767,1278.08,234.62,1245.77,316.806,1243.21,314.325,1228.25
000000000074,548.451,316.81,648.008,316.814,647.966,379.01,762.522,403.874,849.715,403.887,650.497,264.512,757.601,229.653,849.741,207.252,874.65,306.788,882.057,341.711,1046.54,326.603,1203.34,306.738,869.726,266.969,1051.43,259.481,1260.64,244.589,538.448,331.697,540.919,304.238,553.359,346.733,555.83,276.963,1305.47,204.746,1302.99,207.209,1280.57,242.055,1240.73,309.411,1230.81,311.792,1218.29
000000000075,550.831,309.321,647.992,309.392,647.925,374.104,762.484,396.48,857.2,401.421,652.99,252.003,765.016,224.666,852.217,202.241,869.64,306.89,869.66,346.636,1058.93,316.767,1220.84,304.272,869.68,266.882,1058.96,261.957,1270.63,252.052,540.959,326.674,543.325,294.389,553.39,346.559,553.417,274.469,1308.03,209.697,1310.43,212.254,1295.49,252.053,1243.3,309.388,1238.25,309.371,1238.2
000000000076,545.936,309.342,647.969,306.908,647.916,374.052,762.553,396.442,862.146,401.388,648.104,249.526,765.048,217.13,862.191,192.223,874.647,306.744,874.662,344.169,1053.94,314.327,1205.82,306.815,874.645,261.965,1051.47,264.459,1278.04,264.44,531.033,326.64,535.953,291.934,545.886,341.68,550.838,271.924,1330.37,232.17,1325.44,232.117,1302.98,264.426,1240.73,314.284,1233.25,314.259,1223.27
000000000077,545.977,309.273,648.006,306.867,645.526,374.031,764.962,391.579,869.733,396.443,648.104,247.012,777.519,209.711,864.767,187.27,884.566,306.769,884.571,346.592,1071.4,309.315,1195.9,316.795,882.09,259.531,1081.28,266.962,1290.58,262.028,535.901,324.296,530.969,289.38,548.327,339.221,545.979,267.044,1352.79,234.57,1350.33,232.121,1322.92,266.928,0,0,0,0,1225.75
000000000078,535.951,306.697,645.522,306.759,643.061,371.591,760.107,389.094,882.095,401.414,645.585,242.057,782.464,207.139,867.168,179.772,882.088,304.306,877.115,344.125,1046.54,311.874,1198.41,309.352,882.072,256.999,1076.37,264.401,1298.02,261.962,526.004,319.239,526.04,286.974,540.923,331.809,545.845,266.876,1362.66,246.999,1355.31,239.572,1317.95,267.031,1228.27,309.352,1220.82,311.826,1220.82
000000000079,525.998,304.256,640.551,304.295,633.117,369.053,745.138,386.553,867.122,403.843,643.043,232.144,765.091,204.681,869.653,169.961,877.117,304.333,877.139,344.192,1068.85,321.703,1195.91,309.375,874.605,259.466,1071.39,256.985,1297.96,264.499,511.069,311.898,516.015,286.756,526.01,329.363,540.93,264.48,1360.21,242.045,1357.76,237.08,1317.92,274.475,1230.77,306.811,1225.77,311.799,1220.78
000000000080,523.479,294.418,630.647,296.88,628.204,369.173,747.738,388.907,867.113,406.32,638.012,227.21,767.461,197.204,867.16,169.902,869.709,301.83,872.171,341.661,1073.89,324.186,1188.45,311.794,867.24,254.528,1083.84,249.66,1285.6,262.03,508.594,311.845,508.538,284.325,521.022,331.795,528.363,261.995,1357.75,247.03,1360.24,244.52,1302.97,279.443,1235.71,291.875,1225.8,301.841,1208.35
000000000081,513.514,299.384,628.108,299.35,628.183,371.625,752.651,388.903,869.691,408.995,628.07,229.531,755.067,194.756,867.09,167.39,869.663,301.837,867.234,346.572,1068.88,324.286,1193.42,316.779,867.167,252.01,1088.85,249.637,1290.54,264.472,505.991,311.879,503.596,284.38,520.945,329.299,523.487,259.545,1350.28,229.64,1352.82,229.648,1317.92,271.941,1243.26,301.843,1238.2,309.358,1220.77
000000000082,506.032,294.418,625.512,291.936,625.6,369.021,747.595,386.574,867.126,411.397,623.085,222.125,747.69,189.895,859.696,167.414,869.652,301.84,867.209,344.21,1086.37,329.16,1223.24,314.251,867.146,249.536,1083.84,252.019,1297.98,266.956,491.187,311.785,491.137,281.929,508.472,331.683,511.063,252.07,1340.39,227.061,1340.38,227.056,1342.78,269.495,1245.76,326.639,1243.25,326.773,1238.25
000000000083,506.006,296.862,620.564,289.467,625.575,371.559,740.176,386.478,867.094,411.446,613.185,217.136,737.697,189.793,847.313,167.29,864.688,294.333,864.642,341.679,1083.88,326.728,1240.66,326.621,862.192,244.587,1093.81,254.527,1293.01,274.482,491.103,311.867,488.649,284.36,506.125,331.712,508.482,254.499,0,0,0,0,0,0,0,0,0,0,1245.79
000000000084,503.524,291.962,608.278,289.383,623.089,369.188,742.644,386.494,867.23,416.375,608.167,212.27,725.298,189.719,832.36,167.306,847.32,291.893,849.732,336.684,1081.31,329.221,1253.2,321.771,847.272,247.032,1096.31,252.007,1302.94,264.511,488.547,311.814,488.537,276.977,503.567,331.734,506.128,249.491,1345.36,217.125,1342.85,219.671,1342.87,269.394,0,0,0,0,1270.61
000000000085,493.633,304.326,608.134,289.357,620.547,369.024,745.131,386.406,869.678,416.357,605.675,212.239,725.238,187.2,827.4,167.344,854.735,291.914,852.249,336.724,1086.28,329.311,1285.62,324.184,854.711,247.133,1091.33,251.987,1295.53,271.962,486.027,319.288,483.613,286.821,498.612,334.231,503.57,249.677,0,0,0,0,1345.3,266.896,0,0,0,0,1322.88
000000000086,491.131,306.837,608.081,286.941,618.139,366.578,745.085,386.418,869.683,416.404,605.569,209.761,720.264,182.336,819.849,167.31,852.202,296.839,852.193,339.208,1086.38,329.24,1325.45,326.716,852.265,249.475,1093.78,249.606,1285.62,266.917,478.685,324.189,481.118,286.926,493.603,334.283,498.565,252.076,1360.21,242.074,1355.25,237.099,1305.44,269.475,1405.14,331.713,1402.52,336.728,1342.81
000000000087,488.731,306.85,608.134,286.951,618.136,366.641,745.052,386.543,874.64,421.409,605.606,209.79,715.241,177.358,804.948,167.38,867.187,294.395,864.675,341.708,1101.3,329.253,1365.2,329.159,867.195,246.998,1101.27,249.647,1303.01,266.888,478.626,324.231,476.202,286.947,493.567,334.245,493.562,254.494,1357.77,212.217,1347.83,224.607,1337.87,267.049,1425,341.691,1420.04,346.647,1387.63
000000000088,488.58,306.888,608.07,289.385,618.132,369.15,747.665,388.921,869.676,423.865,605.578,209.757,710.28,174.88,802.362,167.409,864.688,301.831,864.635,346.664,1096.25,329.267,1375.19,326.705,867.106,247.121,1101.27,251.984,1300.44,266.917,476.166,324.222,473.735,286.978,491.064,336.68,496.062,254.516,1352.79,224.637,1345.41,229.597,1330.39,269.405,1437.48,346.628,0,0,1390.15
000000000089,491.114,306.77,608.119,289.359,613.203,368.988,747.597,391.459,872.161,426.412,605.676,209.781,710.256,174.8,799.879,167.404,867.141,299.344,869.623,344.155,1128.66,331.741,0,0,867.114,247.126,1106.29,252.048,1290.57,266.929,481.1,326.662,473.741,286.852,488.744,344.133,496.112,249.659,1360.21,212.193,0,0,1322.91,266.966,0,0,0,0,0
000000000090,486.107,306.796,605.703,291.96,613.201,376.555,755.057,396.498,877.099,428.918,605.561,212.196,707.859,174.836,790.048,167.384,874.63,304.354,872.166,349.12,1108.75,329.27,1402.58,319.304,872.125,249.534,1121.14,257.023,1300.47,264.484,471.179,324.25,471.146,286.947,486.212,344.175,491.195,257.045,1360.28,227.115,1355.25,229.621,1325.38,271.931,0,0,0,0,0
000000000091,473.664,304.361,603.096,296.854,608.26,376.54,762.558,406.465,889.636,438.787,600.707,212.154,712.749,174.82,804.905,167.411,867.167,311.806,869.652,361.553,1143.54,336.705,1283.01,267.001,867.183,264.475,1106.28,261.938,1273.12,266.954,466.204,324.183,466.071,286.9,478.613,341.697,486.055,254.562,0,0,0,0,1357.72,256.996,0,0,0,0,0
000000000092,468.751,316.756,595.699,304.333,608.12,386.498,757.569,409.052,887.084,446.179,590.695,217.144,712.784,182.318,814.836,167.377,864.679,316.814,867.18,366.505,1106.28,346.672,1422.5,321.783,864.609,267.004,956.838,229.673,1146.15,259.528,453.81,329.331,453.819,296.867,476.132,346.708,473.686,266.962,0,0,0,0,1342.8,259.488,0,0,0,0,0
000000000093,463.665,321.732,588.298,304.35,605.541,388.959,745.227,413.884,887.095,448.902,585.787,217.178,722.731,187.163,827.411,167.264,854.72,321.712,849.726,366.534,941.844,393.991,0,0,859.683,269.416,961.773,249.566,1178.44,249.645,446.355,334.218,446.262,304.261,0,0,466.188,266.888,1268.1,259.464,0,0,1200.86,234.634,0,0,0,0,0
000000000094,448.806,314.319,585.64,309.228,593.255,398.997,750.19,426.225,894.564,463.655,583.243,217.179,717.703,187.18,829.832,159.928,867.121,329.219,864.705,374.045,1138.61,349.229,1190.9,349.24,864.677,274.446,956.796,244.598,1263.17,252.046,441.272,331.727,433.876,299.306,451.263,349.193,461.195,266.867,0,0,0,0,0,0,0,0,0,0,1200.83
000000000095,443.833,326.79,573.284,309.311,588.167,403.901,745.069,428.829,889.587,466.284,575.802,224.638,715.29,187.339,844.845,152.389,867.198,341.679,867.152,386.545,1133.65,359.134,1185.9,351.696,867.129,286.901,1165.96,257.012,1258.17,249.64,428.831,344.134,428.768,306.825,0,0,451.233,269.372,1327.87,227.158,1327.89,227.19,1285.57,264.449,0,0,0,0,0
000000000096,428.983,329.177,568.388,309.412,580.768,406.417,742.649,433.835,884.516,471.256,570.839,224.672,707.881,189.759,847.352,149.987,852.262,331.788,852.216,383.989,1123.73,361.571,0,0,857.171,284.373,951.857,252.012,0,0,421.326,346.62,418.846,306.917,0,0,443.753,269.479,0,0,0,0,0,0,0,0,0,0,0
000000000097,421.362,326.726,563.299,316.793,565.863,411.461,720.195,443.717,869.652,481.108,565.853,227.055,710.23,189.858,854.753,149.873,852.235,346.694,849.772,396.51,1126.23,361.598,1188.43,356.635,854.732,289.371,1138.59,267.061,1190.95,249.58,406.497,346.583,406.411,306.796,423.832,364.101,428.862,269.476,1283.08,252.058,1282.98,249.537,1210.83,229.736,0,0,0,0,0
000000000098,409.029,329.284,558.373,321.742,565.738,421.373,715.27,448.886,862.214,486.126,563.28,227.104,712.748,189.859,857.172,149.815,859.663,344.211,859.664,393.979,1146.15,364.13,1185.95,354.132,862.165,284.411,1146.14,266.953,1285.58,266.926,398.966,349.099,396.495,309.214,416.407,366.683,426.332,271.952,0,0,0,0,1300.49,269.525,0,0,0,0,0
000000000099,406.452,329.219,548.467,326.697,548.434,426.346,715.225,466.139,844.775,486.149,558.368,229.631,715.256,192.305,854.761,147.508,864.645,349.093,864.657,398.982,1153.56,361.637,1362.76,257.042,864.623,286.931,1158.49,269.438,1347.85,266.979,391.509,349.076,389.09,309.247,406.443,369.145,423.833,269.594,0,0,0,0,0,0,1442.42,237.097,0,0,1390.17
000000000100,398.922,329.246,545.84,329.248,545.831,431.388,687.901,468.647,827.334,488.709,553.394,232.066,712.783,197.277,857.221,147.53,872.13,346.66,874.618,396.479,1183.47,354.142,0,0,869.686,284.38,1141.1,279.41,0,0,386.482,349.124,386.484,306.85,398.983,369.166,413.897,271.913,0,0,0,0,0,0,0,0,0,0,0
000000000101,389.011,331.703,538.398,331.732,540.937,436.364,682.845,471.255,812.385,493.649,548.474,232.182,712.781,199.699,862.125,149.894,877.119,346.701,882.081,394.003,1183.41,359.107,1479.79,269.493,872.15,286.899,1148.58,286.783,0,0,376.589,349.154,374.108,306.894,389.108,371.579,408.835,271.911,0,0,0,0,0,0,0,0,0,0,1489.79
000000000102,384.063,329.268,538.451,334.24,543.379,446.193,685.396,486.079,804.896,503.47,548.381,237.134,722.679,199.744,867.175,149.89,864.654,334.217,862.157,398.954,961.753,416.413,0,0,862.203,269.447,1168.48,286.946,1517.12,289.357,369.111,349.173,369.101,306.846,386.585,374.089,406.471,269.536,0,0,0,0,0,0,0,0,0,0,0
000000000103,383.969,329.185,528.588,336.743,531.02,446.247,685.399,488.745,799.89,506.02,545.948,239.594,725.12,197.238,867.088,150.066,877.144,326.736,867.162,391.531,961.743,428.787,0,0,877.143,266.927,1178.42,291.898,1405.08,354.147,366.649,349.148,368.998,306.828,386.466,379.019,403.911,269.495,0,0,0,0,1407.59,369.045,0,0,0,0,0